artist_name,track_name,release_date,genre,lyrics
Jimin,Who,2024,hyperpop,"We never met, but she's all I see at night Never met, but she's always on my mind Wanna give her the world and so much more Who is my heart waiting for?  If every day I think about her Yeah, every day of my life Then tell me why I haven't found her (Why, why, why, why, why?)  There's so many people to see (There's so many people to see) And places to go (There's so many places to go) I still haven't found your love  We nevr met, but she's all I see at night Nevr met, but she's always on my mind Wanna give her the world and so much more Who is my heart waiting for?  I'll take her places they ain't found yet I'll put it all on the line I'll be that someone she can count on One, two, three, four, five  There's so many people to see (There's so many people to see) And places to go (There's so many places to go) I still haven't found your love  We never met, but she's all I see at night Never met, but she's always on my mind Wanna give her the world and so much more Who is my heart waiting for? Is she someone that I see every day? Is she somewhere a thousand miles away? Wanna give her the world and so much more Who is my heart waiting for?  (Who is my heart) Heart waiting for? (Who is my heart) Heart waiting for? (Who is my heart) Heart waiting for? (Who is my) Who is my heart waiting for?  We never met, but she's all I see at night Never met, but she's always on my mind Wanna give her the world and so much more Who is my heart waiting for? Is she someone that I see every day? Is she somewhere a thousand miles away? Wanna give her the world and so much more Who is my heart waiting for?"
Jung Kook,Standing Next to You,2023,hyperpop,"Standing next to you  Play me slow Push up on this funk and give me miracles (Let ya body know) Make it known How we left and right is something we control (You already know)  You know that, all night long, we rock to this Screaming, I testify this lovin' All night long, we flock to this Screaming, I testify that We'll survive the test of time They can't deny our love They can't divide us We'll survive the test of time I promise I'll be right here  Standing next to you Standing in the fire next to you, oh You know it's deeper than the rain It's deeper than the pain When it's deep like DNA Something they can't take away, ayy Take-take-take-take-take-take off  Standing next to you Standing next to you (You) Standing next to you  Afterglow Leave ya body golden like the sun and the moon (You already know)  You know that, all night long, we rock to this (Oh) Screaming, I testify this lovin' All night long, we flock to this (All night long) Screaming, I testify that We'll survive the test of time They can't deny our love They can't divide us We'll survive the test of time I swear that I'll be right here  Standing next to you (Next to you) Standing in the fire next to you, oh (Next to you) You know it's deeper than the rain It's deeper than the pain When it's deep like DNA Something they can't take away, ayy Take-take-take-take-take-take off  Standing next to you (Standing next to you) Standing next to you (Standing next to you, standing next to you) Standing next to you, oh (Standing next to you, standing next to you) Hey (Standing next to you, standing next to you) Standing next to you (Standing next to you)  Bass and drums Ooh Woo Standing next to you"
Jung Kook,Seven (feat. Latto) (Explicit Ver.),2023,hyperpop,"Weight of the world on your shoulders I kiss your waist and ease your mind I must be favored to know ya I take my hands and trace your lines  It's the way that you can ride It's the way that you can ride (Oh-oh-oh-oh) Think I met you in another life So break me off another time (Oh-oh-oh-oh) You wrap around me and you give me life And that's why night after night I'll be fuckin' you right  Monday, Tuesday, Wednesday, Thursday, Friday, Saturday, Sunday (A week) Monday, Tuesday, Wednesday, Thursday, Friday Seven days a week Every hour, every minute, every second You know night aftr night I'll be fuckin' you right Seven days a week  You lov when I jump right in All of me, I'm offering Show you what devotion is Deeper than the ocean is Wind it back, I'll take it slow Leave you with that afterglow Show you what devotion is Deeper than the ocean is  It's the way that you can ride It's the way that you can ride (Oh-oh-oh-oh) Think I met you in another life So break me off another time (Oh-oh-oh-oh) You wrap around me and you give me life And that's why night after night I'll be fuckin' you right  Monday, Tuesday, Wednesday, Thursday, Friday, Saturday, Sunday (A week) Monday, Tuesday, Wednesday, Thursday, Friday Seven days a week Every hour, every minute, every second You know night after night I'll be fuckin' you right, seven days a week Monday, Tuesday, Wednesday, Thursday, Friday, Saturday, Sunday (A week) Monday, Tuesday, Wednesday, Thursday, Friday Seven days a week Every hour, every minute, every second You know night after night I'll be fuckin' you right Seven days a week (Big Latto)  Tightly take control, tightly take his soul Take your phone and put it in the camera roll (Uh) Leave them clothes at the door What you waitin' for? Better come and hit ya goals Uh, he jump in it, both feet Goin' to the sun-up, we ain't gettin' no sleep Seven days a week, seven different sheets Seven different angles, I can be your fantasy Open up, say, ""Ah"" Come here, baby, let me swallow your pride What you on? I can match your vibe (Vibe) Hit me up and I'ma Cha-cha Slide (Skrt) You make Mondays feel like weekends I make him never think about cheatin' Got you skippin' work and meetings Fuck it, let's sleep in, yes (Seven days a week, ooh)  Monday, Tuesday, Wednesday, Thursday, Friday, Saturday, Sunday (A week) Monday, Tuesday, Wednesday, Thursday, Friday Seven days a week Every hour, every minute, every second (Oh-oh-oh) You know night after night I'll be fuckin' you right Seven days a week (Oh) Monday, Tuesday, Wednesday, Thursday, Friday, Saturday, Sunday (A week) Monday, Tuesday, Wednesday, Thursday, Friday (Ooh, ooh, ooh, ooh, ooh) Seven days a week Every hour, every minute, every second (Hour, minute, second) You know night after night I'll be fuckin' you right Seven days a week"
ILLIT,Magnetic,2024,hyperpop,"A dance-hybrid, Pluggnb, and House track, Magnetic expresses Read More   Baby, I'm just trying to play it cool But I just can't hide that I want you  Wait a minute,  ? (?)   lub-dub,     oh (Oh), my (My) gosh (Gosh)  you're my crush,        my heart      , boy We're magnetized,  This time, I want  You, you, you, you, like it's magnetic You, you, you, you, you, you, you, you, super  You, you, you, you, like it's magnetic You, you, you, you, you, you, you, you, super   Bae, bae, bae, bae, bae, bae, bae, bae, bae Dash-da-da, dash-da-da, dash-da Like it's magnetic Bae, bae, bae, bae, bae, bae, bae, bae, bae Dash-da-da, dash-da-da Baby, don't say no    our type  J   P S N      green light   So let's go, let's go Let's go, let's go       my heart      , boy We're magnetized,  This time, I want  You, you, you, you, like it's magnetic You, you, you, you, you, you, you, you, super  You, you, you, you, like it's magnetic You, you, you, you, you, you, you, you, super   No push and pull,    (In a rush, in a rush) Our chemistry,     (Baby, you're my crush, you're my crush) No push and pull,      (Gonna dash, gonna dash) Never holding back, , yeah (, yeah) *This time, I want*  You, you, you, you, like it's magnetic You, you, you, you, you, you, you, you, super  You, you, you, you, like it's magnetic You, you, you, you, you, you, you, you, super   Bae, bae, bae, bae, bae, bae, bae, bae, bae Dash-da-da, dash-da-da, dash-da Like it's magnetic Bae, bae, bae, bae, bae, bae, bae, bae, bae Dash-da-da, dash-da-da Baby, don't say no"
Jack Harlow,Lovin On Me,2023,hyperpop,"I don't like no whips and chains and you can't tie me down But you can whip your lovin' on me, baby Whip your lovin' on me, baby  I'm vanilla, baby (I don't like no whips and chains) I'll choke you, but I ain't no killer, baby (And you can't tie me down) She twenty-eight, tellin' me I'm still a baby (But you can whip your lovin' on me, baby) I get love in Detroit like Skilla Baby (Whip your lovin' on me, baby) And the thing about your boy is I don't like no whips and chains and you can't tie me down But you can whip your lovin' on me, baby (That's right, that's right) Whip your lovin' on me, baby  Young J-A-C-K, AKA Rico like Suave, Young Enrique Speakin' of AKA, she's a alpha But not around your boy, she get quiet 'round your boy, hold on (Shh) Don't know what you heard or what you thought about your boy But they lied about your boy, goin' dumb and it's somethin' idiotic 'bout your boy She wearin' cheetah print That's how bad she wanna b spotted 'round your boy  I don't like no whips and chains and you can't tie m down But you can whip your lovin' on me, baby Whip your lovin' on me  I'm vanilla, baby (I don't like no whips and chains) I'll choke you, but I ain't no killer, baby (And you can't tie me down) She twenty-eight, tellin' me I'm still a baby (But you can whip your lovin' on me, baby) I get love in Detroit like Skilla Baby (Whip your lovin' on me, baby) And the thing about your boy is I don't like no whips and chains and you can't tie me down But you can whip your lovin' on me, baby Whip your lovin' on me, baby  Young M-I-S-S-I-O-N-A-R-Y You sharp like barbed wire She stole my heart, then she got archived I keep it short with a bitch, Lord Farquaad All the girls in the front row (Ayy) All the girls at the barricade (Ayy) All the girls that been waitin' all day Let your tongue hang out, fuck everything (Ayy) If you came with a man (Came with a man) Let go of his hand (Let go of that shit) Everybody in the suite kickin' up they feet Stand up, bitch, dance  I don't like no whips and chains and you can't tie me down (I see you, and all the guys in the back waitin' on the next track) But you can whip your lovin' on me, baby (Cut your boy a lil' slack) Whip your lovin' on me (It's young Jack)  I'm vanilla, baby (I don't like no whips and chains) I'll choke you, but I ain't no killer, baby (And you can't tie me down) She twenty-eight, tellin' me I'm still a baby (But you can whip your lovin' on me, baby) I get love in Detroit like Skilla Baby (Whip your lovin' on me, baby) And the thing about your boy is I don't like no whips and chains and you can't tie me down But you can whip your lovin' on me, baby (That's right, that's right) Whip your lovin' on me, baby  I don't like no whips and chains and you can't tie me down But you can whip your lovin' on me, baby Whip your lovin' on me, baby"
wave to earth,seasons,2020,hyperpop,"I can't be your love Look, its too trivial for you now Oh, my life is fallin' apart Maybe no one will notice if I disappear  But I'll pray for you all the time If I could be by your side Ill give you all my life, my seasons   I can't be your love 'Cause I'm afraid I'll ruin your life While the leaves withered away And grew again You have gone far away I'll be pushing up daisies And bring all the chances to here  But I'll pray for you all the time If I could be by your side I'll give you all my life, my seasons By your side, Ill be your sasons  My love"
Stray Kids,Chk Chk Boom,2024,hyperpop," Boom, boom, chk, chk, boom  (Brrah)                plan keep going Sick of this life, it's regular     (Ayy, ayy)           kneel, I'm strong  Yeah, yeah, yeah, yeah,     I do it (Do it) Just pull out my trigger, I got that (Woo) I'ma pop, pop, pop, take a shot, yeah Shoot down my goals one by one, I snipe them Filling up my truck Yeah, you want that ride (Boom) Hit you like a truck I'ma make you fly  (Boom) Vamos, I know that you want it (Boom) Lobos, we cannot stop hunting (Boom) Ra-ta-ta-ta, I'ma make it Boom, boom, chk, chk, boom (Boom) Vamos, I know that you want it (Boom) Chaos, we so catastrophic (Boom) Ra-ta-ta-ta, I'ma make it Boom, boom, chk, chk, boom  (Boom) Clich    clich (Boom)      (Boom)   , I'm not a changed man     level        I'm the owner of my goal,     I make it right,   clear      trigger, fire (Fire)       (My amigo) Filling up my truck Yeah, you want that ride (Boom) Hit you like a truck I'ma make you fly  (Boom) Vamos, I know that you want it (Boom) Lobos, we cannot stop hunting (Boom) Ra-ta-ta-ta, I'ma make it Boom, boom, chk, chk, boom (Boom) Vamos, I know that you want it (Boom) Chaos, we so catastrophic (Boom) Ra-ta-ta-ta, I'ma make it Boom, boom, chk, chk, boom     My bullet goes   la vida loca  good shot, shot, shot    My bullet goes   la vida loca Boom, boom, chk, chk, boom"
KATSEYE,Touch,2024,hyperpop,"The music video features Read More  Touch, touch, touch, touch, touch Thought about you way too much, much, much, much, much Over, overthinking us, us, us, us, us (Ooh-ooh) 'Cause you been so out of touch You could've had my love, but you been so out of touch  Monday, I was dreaming 'bout ya Tuesday, I was waiting near the phone Two days, wasn't hearing from ya Yeah, what can I say? Oh, baby, I was getting bored Thursday, I was losing interest Friday, you were out there in the cold Weekend, you already missed it I was moving on 'cause you were moving too slow  'Cause sometimes I'm alone Stare out my window And the moon makes you seem close tonight  But you been so out of touch, touch, touch, touch, touch Thought about you way too much, much, much, much, much Over, overthinking us, us, us, us, us 'Cause you been so out of touch You could've had my love, but you been so out of Touch, touch, touch, touch, touch Thought about you way too much, much, much, much, much Yeah, you went and messed it up, up, up, up, up 'Cause you been so out of touch You could've had my love, but you been so out of touch  First, you're gonna say you're sorry Promise you won't do it anymore Come up with a different story Yeah, what can I say, say something I ain't heard before I'm too fun to waste my time Too young to waste one night So here comes some good advice If I ever call again, don't press ignore  'Cause sometimes I'm alone Stare out my window And the moon makes you seem close tonight (Woo)  But you been so out of touch, touch, touch, touch, touch Thought about you way too much, much, much, much, much Over, overthinking us, us, us, us, us 'Cause you been so out of touch You could've had my love, but you been so out of Touch, touch, touch, touch, touch (Ah-Ah) Thought about you way too much, much, much, much, much Yeah, you went and messed it up, up, up, up, up 'Cause you been so out of touch You could've had my love, but you been so out of touch"
BTS,Dynamite,2020,hyperpop,"'Cause I, I, I'm in the stars tonight So watch me bring the fire and set the night alight  Shoes on, get up in the morn' Cup of milk, let's rock and roll King Kong, kick the drum Rolling on like a Rolling Stone Sing-song when I'm walkin' home Jump up to the top, LeBron Ding-dong, call me on my phone Ice tea and a game of ping pong  This is gettin' heavy, can you hear the bass boom? I'm ready (Woo-hoo) Life is sweet as honey, yeah, this beat cha-ching like money, huh Disco overload, I'm into that, I'm good to go I'm diamond, you know I glow up Hey, so let's go  'Cause I, I, I'm in the stars tonight So watch me bring the fire and set the night alight (Hey) Shinin' through the city with a little funk and soul So I'ma light it up like dynamite, woah-oh-oh  Bring a friend, join the crowd, whoever wanna come along Word up, talk the talk, just move like we off the wall Day or night, the sky's alight, so we dance to the break of dawn (Hey) Ladies and gentlemen, I got the medicine, so you should keep ya eyes on the ball (Huh)  This is gettin' heavy, can you hear the bass boom? I'm ready (Woo-hoo) Life is sweet as honey, yeah, this beat cha-ching like money, huh Disco overload, I'm into that, I'm good to go I'm diamond, you know I glow up Let's go  'Cause I, I, I'm in the stars tonight So watch me bring the fire and set the night alight (Hey) Shinin' through the city with a little funk and soul So I'ma light it up like dynamite, woah-oh-oh  Dyn-na-na-na, na-na-na-na-na, na-na-na, life is dynamite Dyn-na-na-na, na-na-na-na-na, na-na-na, life is dynamite Shinin' through the city with a little funk and soul So I'ma light it up like dynamite, woah-oh-oh  Dyn-na-na-na, na-na, na-na, ayy Dyn-na-na-na, na-na, na-na, ayy Dyn-na-na-na, na-na, na-na, ayy Light it up like dynamite Dyn-na-na-na, na-na, na-na, ayy Dyn-na-na-na, na-na, na-na, ayy Dyn-na-na-na, na-na, na-na, ayy Light it up like dynamite  'Cause I, I, I'm in the stars tonight So watch me bring the fire and set the night alight Shinin' through the city with a little funk and soul So I'ma light it up like dynamite (This is ah) 'Cause I, I, I'm in the stars tonight So watch me bring the fire and set the night alight (Alight, oh) Shinin' through the city with a little funk and soul So I'ma light (Light) it (It) up (Up) like (Like) dynamite (Dynamite), woah-oh-oh  Dyn-na-na-na, na-na-na-na-na, na-na-na, life is dynamite (Life is dynamite) Dyn-na-na-na, na-na-na-na-na, na-na-na, life is dynamite (Oh) Shinin' through the city with a little funk and soul So I'ma light it up like dynamite, woah-oh-oh"
wave to earth,love.,2023,hyperpop,"            Ooh,     Ah-oh,     Ah-oh (Ah-oh)                      , oh-oh-oh-oh (Ah-oh)     , oh-oh-oh, oh-oh     , oh-oh                  "
Jung Kook,Seven (feat. Latto),2023,hyperpop," Dnyann yk omuzlarnda Belini pyorum ve zihnini rahatlatyorum Seni tanyabilmek benim iin bir ans Ellerimi alyorum ve hatlarn takip ediyorum  Srebilme eklin Srebilme eklin Seninle farkl bir evrende tantm dnyorum O yzden beni baka bir zaman kr Beni sarp sarmalyorsun bana hayat veriyorsun Ve ite bu yzden gece stne gece Seni byle sikeceim  Pazartesi, Sal, aramba, Perembe, Cuma, Cumartesi, Pazar (Bir hafta) Pazartesi, Sal, aramba, Permbe, Cuma Haftann yedi gn Her saat hr dakika her saniye Biliyorsun gece stne gece Seni byle sikeceim Haftann yedi gn  e direkt giritiimde seviyorsun Her eyimi sana sunuyorum Balln ne olduunu sana gsteriyorum Okyanustan daha derin Baa sar ve yavalayaym Seni o kzarmlkla brakyorum Balln ne olduunu gsteriyorum Okyanustan daha derin  Srebilme eklin Srebilme eklin Seninle farkl bir evrende tantm dnyorum O yzden beni baka bir zaman kr Beni sarp sarmalyorsun bana hayat veriyorsun Ve ite bu yzden gece stne gece Seni byle sikeceim  Pazartesi, Sal, aramba, Perembe, Cuma, Cumartesi, Pazar (Bir hafta) Pazartesi, Sal, aramba, Perembe, Cuma Haftann yedi gn Her saat her dakika her saniye Biliyorsun gece stne gece Seni byle sikeceim Haftann yedi gn Pazartesi, Sal, aramba, Perembe, Cuma, Cumartesi, Pazar (Bir hafta) Pazartesi, Sal, aramba, Perembe, Cuma Haftann yedi gn Her saat her dakika her saniye Biliyorsun gece stne gece Seni byle sikeceim Haftann yedi gn (Big Latto)  Skca kontrol ele geir, skca ruhunu al Telefonunu al ve galeriyi a O kyafetleri kap eiinde brak Ne iin bekliyorsun? Gelip istediini alsan iyi edersin Uh, iki ayayla zplyor Gne doana kadar, uykumuzu almyoruz Haftann yedi gn, yedi farkl araf Yedi farkl pozisyonda, fantezin olabilirim Al ve syle ah Gel bakalm bebeim senin gururunu yutacam Naslsn? Sana uyum salayabilirim Ula bana ve kayaym sana Sen pazartesileri hafta sonu gibi hissettiriyorsun Aldatmay dnmemesini salyorum ini, toplantlarn es getiriyorum Siktir et, haydi yatalm, evet (Haftann yedi gn)  Pazartesi, Sal, aramba, Perembe, Cuma, Cumartesi, Pazar (Bir hafta) Pazartesi, Sal, aramba, Perembe, Cuma Haftann yedi gn Her saat her dakika her saniye Biliyorsun gece stne gece Seni byle sikeceim Haftann yedi gn Pazartesi, Sal, aramba, Perembe, Cuma, Cumartesi, Pazar (Bir hafta) Pazartesi, Sal, aramba, Perembe, Cuma Haftann yedi gn Her saat her dakika her saniye Biliyorsun gece stne gece Seni byle sikeceim Haftann yedi gn"
Jung Kook,3D (feat. Jack Harlow),2023,hyperpop,"Un, deux, 3D  Je ne peux pas te toucher par tlphone Ou tembrasser  travers lunivers Dans un autre fuseau horaire Cest le seul temps que je ne peux pas remonter Mais quand il y a deux dimensions Il ny en a quune qui me manque Et si tu te sens seule Tu nas plus  ressentir a maintenant  Je veux juste te voir comme a T voir comme a uh uh  Donc si tu es prte (Donc si tu s prte) Et si tu me permets (Et si tu me permets) Je veux le voir en mouvement En 3D (Uh uh) Tu ne me regretteras pas (Tu ne me regretteras pas) Champagne confetti (Champagne confetti) Je veux le voir en mouvement En 3D  Car tu sais comment jaime a meuf 3D (Woo) Tu sais comment jaime a meuf 3D (Woo)  Corps contre corps contre corps contre corps contre corps Toi et moi, bb tu sais quon a compris Donc ne commence pas  me chauffer Car tu sais que je peux avoir le cur chaud Bb, oh bb, oh bb tu me rends fou Pluie, pluie, pluie, tu ne peux pas la simuler Tu me procures une toute nouvelle motion Tu mas fait boire cette potion  Je veux juste te voir comme a Te voir comme a uh uh  Donc si tu es prte (Donc si tu es prte) Et si tu me permets (Et si tu me permets) Je veux le voir en mouvement En 3D (Montre moi meuf, maintenant) Tu ne me regretteras pas (Tu ne me regretteras pas) Champagne confetti (Champagne confetti hey) Je veux le voir en mouvement En 3D (Aller, aller, aller)  Car tu sais comment jaime a meuf (Tu sais comment jaime a) 3D (Hey) Tu sais comment jaime a meuf (Tu sais comment jaime a) 3D (Woo) Car tu sais comment jaime a meuf (Oh, tu sais comment jaime a) 3D Tu sais comment jaime a meuf 3D  Je suis sur mon Jungkook Je dshabille une fille en un regard Et quand elles se font prendre, elles sont jamais relches Quand jai vu ce corps, on aurait cru que ctait un cadavre Comme jai dit  mes potes  Venez voir  Javais pour habitude demmener des filles  Stony Brook Et leur voler le cur comme un escroc, vraie histoire Maintenant quand je tiens la main de quelquun, cest une autre histoire Toutes mes ABG se font belles pour moi Javais une meuf, trop ennuyeux Deux meufs, ctait cool pour moi Trois meufs, punaise, le mec a faim Quatre meufs, ok l tu te prostitues (Hey hey hey) Je suis impur Jarrte mon bon usage de ces champis Jarrte de mettre la ville sur mon dos Et le monde connat mon nom, je suis la vrit  Donc si tu es prte (Donc si tu es prte) Et si tu me permets (Et si tu me permets) Je veux le voir en mouvement En 3D (Ooh) Tu ne me regretteras pas (Tu ne me regretteras pas) Champagne confettis (Champagne confetti hey) Je veux le voir en mouvement En 3D (Montre moi, meuf, maintenant) (Pourquoi?)  Car tu sais comment jaime a meuf (Jaime bien a cest vrai) 3D (Woo) Tu sais comment jaime a meuf (Oh ouais, daccord) 3D (Woo) Car tu sais comment jaime a meuf (Tu sais comment jaime a) (Spy Kids) 3D Tu sais comment jaime a meuf 3D  Je tai fait jouer avec toi mme en camra Tes ma bae, juste comme Tampa En parlant dargent, jen ai Et quant aux baises, et bien, pas a Et quant aux putes, et bien, est-ce que tu veux vraiment savoir ? Cest bien ce quil me semblait Je te ferai voler depuis la Core vers le Kentucky Et tu nas rien  me garantir, je veux juste voir si je suis chanceux Je veux juste te rencontrer en personne et voir si tu me toucherais"
BTS,FAKE LOVE,2018,hyperpop,"                                    I'm so sick of this fake love Fake love, fake love I'm so sorry, but it's fake love Fake love, fake love  I wanna be a good man just for you   just for you   just for you Now I don't know me, who are you? Hey,       route         ,   ?                                     Love you so bad, love you so bad      Love, it's so mad, love, it's so mad       Love you so bad, love you so bad      Love, it's so mad, love, it's so mad        I'm so sick of this fake love Fake love, fake love I'm so sorry, but it's fake love Fake love, fake love  Why you sad? I don't know,   ,    ,    (Oh no)       ,       ,         ,      ? It's all fake love  Ooh, I don't know, I don't know, I don't know why Ooh,      Ooh, I just know, I just know, I just know why 'Cause it's all fake love, fake love, fake love  Love you so bad, love you so bad      Love, it's so mad, love, it's so mad       Love you so bad, love you so bad      Love, it's so mad, love, it's so mad        I'm so sick of this fake love Fake love, fake love I'm so sorry, but it's fake love Fake love, fake love                                   "
LE SSERAFIM,CRAZY,2024,hyperpop,"Lyrically, CRAZY is about having fun and going crazyas the members also sing about embracing Read More   Act like an angel and dress like crazy  All the girls are girling, girling All the girls are girling, girling All the girls are girling, girling All the girly girls  Da, da-da-da Da-da-da-da-da Da-da-da, da Act like an angel and dress like crazy Da, da-da-da Da-da-da-da-da Da-da-da, da  Yeah,     CPR  like Pikachu   , it's pumping I'm an otaku, bestie  that candy's sassy         Galileo        Why can't you stop?          make me super crazy  Crazy, crazy, crazy, crazy Crazy, crazy, crazy, crazy Crazy, crazy, crazy, crazy Act like an angel and dress like crazy  Da, da-da-da Da-da-da-da-da Da-da-da, da Act like an angel and dress like crazy Da, da-da-da Da-da-da-da-da Da, da-da-da Da-da, da-da, da  All the girls are girling, girling All the girls are girling, girling All the girls are girling, girling All the girly girls All the girls are girling, girling All the girls are girling, girling All the girls are girling, girling All the girly girls  Back in the days    me                  Yeah, me and my girls        kiss, mwah  Galileo        Why can't you stop?        *  make me super crazy*  Crazy, crazy, crazy, crazy Crazy, crazy, crazy, crazy Crazy, crazy, crazy, crazy Act like an angel and dress like crazy  Da, da-da-da Da-da-da-da-da Da, da-da-da Act like an angel and dress like crazy Da, da-da-da Da-da-da-da-da Da, da-da-da Da-da, da-da, da  All the girls are girling, girling All the girls are girling, girling All the girls are girling, girling All the girly girls All the girls are girling, girling All the girls are girling, girling All the girls are girling, girling All the girly girls"
BABYMONSTER,SHEESH,2024,hyperpop," Da-la-lun-dun Da-la-lun-dun Da-la-lun-dun Baby, I'ma monster  Mano a mano I see you in slow-mo You know you're in trouble Ooh-hoo-hoo-hoo        You know that      All eyes on me,   Do or die on my life Yeah, you ain't seen nothing yet  Got them all going Sheesh, sheesh Sheesh, sheesh, sheesh, yeah B-A-B-Y-M-O-N Sheesh, sheesh Sheesh, sheesh, sheesh, yeah Got them all going  Yo, hold on,                   boom, boom, pow          Crown this queen             say Sheesh, sheesh, sheesh  You know what it is I be running this Pull up in a ghost Peek a, peek a boo, hoo Vroom, vroom   , pump, pump, pop Pedal to the metal Click, clack, click Put 'em up to the sky High, high, high, high      All eyes on me,   Do or die on my life Yeah, you ain't seen nothing yet  Got them all going Sheesh, sheesh Sheesh, sheesh, sheesh, yeah B-A-B-Y-M-O-N Sheesh, sheesh Sheesh, sheesh, sheesh, yeah Got them all going             Time's up,          Fly away,    Come on, let's ride  BABY, I'ma MONSTER  B-A-B-Y-M-O-N Tell a friend, tell a friend, tell a friend B-A-B-Y-M-O-N Tell a frind, tell a friend, tell a frind (Let's go)  Jump, jump and let it go, watch out, we on a roll Rum, pump, pump, pump it up then Jump, jump and let it go, watch out, we on a roll Rum, pump, pump, pump it up then"
Jung Kook,Still With You,2020,hyperpop,The Soundcloud link of the song has Read More                         Still with you                                       ?                                                                                                            Still with you
NewJeans,Super Shy,2023,hyperpop,"In Super Shy, the girls start to feel more social and lively around their crush, in Read More   I'm super shy, super shy But wait a minute while I make you mine, make you mine  , you're on my mind all the time I wanna tell you but I'm super shy, super shy I'm super shy, super shy But wait a minute while I make you mine, make you mine  , you're on my mind all the time I wanna tell you but I'm super shy, super shy  And I wanna go out with you, where you wanna go? (Huh?) Find a lil' spot, just sit and talk Looking pretty, follow me    ? ()   (Heh) ,  When you say I'm your dream  You don't even know my name, do ya? You don't even know my name, do ya?   I'm super shy, supr shy But wait a minute while I make you min, make you mine  , you're on my mind all the time I wanna tell you but I'm super shy, super shy I'm super shy, super shy But wait a minute while I make you mine, make you mine  , you're on my mind all the time I wanna tell you but I'm super shy, super shy         I don't like that Something odd about you Yeah, you're special and you know it You're the top, babe  I'm super shy, super shy But wait a minute while I make you mine, make you mine  , you're on my mind all the time I wanna tell you but I'm super shy, super shy I'm super shy, super shy But wait a minute while I make you mine, make you mine  , you're on my mind all the time I wanna tell you but I'm super shy, super shy  You don't even know my name, do ya? You don't even know my name, do ya?  You don't even know my name, do ya? (Super shy, super shy, make you mine, make you mine) *You don't even know my name, do ya?* (On my mind all the time, I wanna tell you but I'm super shy, super shy)"
ENHYPEN,Bite Me,2023,hyperpop," It's you and me in this world   , tie me    Just come kiss me and bite me (Oh, babe)    memory     scream  , what I had to be     Got me bad, bad, bad,      dreams , when you next to me      (Oh, my, oh, my God) This blood's pumpin' crazy (Oh, my, oh, my God) 'Cause I know you'll save me  Come here and get some (Some)  on my neck    () Just come over and bite me Come here and get some (Some)   sidekick    () Just come over and bite me  It's you and me in this world   , tie me    Just come kiss me and bite me (Oh, babe) It's you and me in this world    light me (Woo-ooh)    Just come kiss me and bite me, yeah-eh-eh      brave heart      Come to me, make it right  ,  ,  Yeah-eh  (Oh, my, oh, my God) This blood's pumpin' crazy (Oh, my, oh, my God) 'Cause I know you'll save me  Come here and get some (Some)  on my neck    () Just come over and bite me Come here and get some (Some)   sidekick    () Just come over and bite me  It's you and me in this world   , tie me    Just come kiss me and bite me (Oh, babe) It's you and me in this world    light me (Woo-ooh)    Just come kiss me and bite me, yeah-eh-eh"
NewJeans,New Jeans,2023,hyperpop," Look, it's a new me Switched it up, who's this?   NewJeans So fresh, so clean     Time to step out     Ready for sure To have some more  New hair, new tee NewJeans, do you see? New hair, new tee NewJeans, do you see? New hair, new tee NewJeans, do you see? New hair, new tee NewJeans, do you see?  Make it feel like a game Look at us, we go on and on again We'll go on to the end What we wanna do, on and on again Make it feel like a game Look at us, we go on and on again We'll go on to the end What we wanna do, on and on again  Look, it's a new me Switched it up, who's this?  NewJeans So fresh, so clean     Feeling's so right     I need to know You want some more  New hair, new tee NewJeans, you and me New hair, new tee NewJeans, you and me New hair, new tee NewJeans, you and me New hair, new tee NewJeans, you and me"
wave to earth,bad,2023,hyperpop,"How could my day be bad When I'm with you? You're the only one Who makes me laugh So how can my day be bad? It's a day for you  Lately, life's so boring I've been watching Netflix all day long I thought there would be No things left to watch So I let myself out  When I went to the park I recognized you at a glance Face to face, we just smiled We already know that we'll be together  How could my day be bad When I'm with you? You're the only one Who makes me laugh So how can my day be bad? It's a day for you  Coffee in the morning, you and the sun There's a brown hue in your eyes How pretty it is I think I'm in love   When I went to the park I recognized you at a glance Face to face, we smiled And I finally held your hands  How could my day be bad When I'm with you? You're the only one Who makes me laugh So how can my day be bad? It's a day for you How could my day be bad When I'm with you? You're the only one who gives me love So how can my day be bad? It's a day for you"
NewJeans,OMG,2023,hyperpop,"   it's about you, baby Only you You, you, you You, you, you, you         (Mm-hm)      (Mm-hm) It's you,  , it's you,      , boy, what do you say?  (They keep on asking me, ""Who is he?"")    (They keep on asking me, ""Who is he?"")      (They keep on asking me, ""Who is he?"")      (They keep on asking me, ""Who is he?"")  , he's the one that's living in my system, baby  Oh my, oh my God,   I was really hoping that he will come through Oh my, oh my God,   Asking all the time about what I should do  No, I can never let him go (Ooh)  , twenty-four (Ooh)    (Ooh) I know, I know (Ooh)     (Ooh)     (Ooh)      (Ooh) I know, I know, I'm going crazy, right?  ,   There ain't nothing else that I would hold on to I hear his voice through all the noise     , no, no   'Cause I got someone   'Cause I love someone  (They keep on asking me, ""Who is he?"")    (They keep on asking me, ""Who is he?"")      (They keep on asking me, ""Who is he?"")      (They keep on asking me, ""Who is he?"")  , he's the one that's living in my system, baby  Oh my, oh my God,   I was really hoping that he will come through Oh my, oh my God,   Asking all the time about what I should do  No, I can never let him go (Ooh)  , twenty-four (Ooh)    (Ooh) I know, I know (Ooh)     (Ooh)     (Ooh)      (Ooh) I know, I know (He's the one that's living in my system, baby, baby)  Baby Babe, baby I'm going crazy, right? (Baby) Baby I'm going crazy, right? Babe, baby    My heart is glowing, it's glowing up (Glow, glow)      (No, no)  ,   () My heart is glowing, it'd be glowing 'Cause he  Oh my, oh my God,   I was really hoping that he will come through Oh my, oh my God,   Asking all the time about what I should do ( )  No, I can never let him go (Ooh) He's right there for me, twenty-four (Ooh)    (Ooh) I know, I know ( )     (Ooh)     (Ooh)  My heart is glowing, it's glowing My heart is glowing up so I can't sleep at night"
NewJeans,Ditto,2022,hyperpop,"The lyrics for the track describe an inner discussion of a person falling in love right away, remiscent of being hit with Read More   Hoo-ooh, ooh-ooh Hoo-ooh, hoo  Stay in the middle Like you a little, don't want no riddle , say it back, oh, say it, ditto   , so say it, ditto               all this time Do you want somebody? Like I want somebody?    Do you think about me now, yeah? All the time, yeah, all the time  I got no time to lose   ,    Ra-ta-ta-ta,   (Ra-ta-ta-ta) I got nothing to lose  , ooh-woah, ooh-woah, ooh-woah, ooh Ra-ta-ta-ta,   (Ra-ta-ta-ta) But I don't want to  Stay in the middle Like you a little, don't want no riddle , say it back, oh, say it, ditto   , so say it, ditto I don't want to Walk in this        , say it back, oh, say it, ditto I want you so, want you, so say it, ditto  Not just anybody          all this time  I got nothing to lose  , ooh-woah, ooh-woah, ooh-woah, ooh Ra-ta-ta-ta,   (Ra-ta-ta-ta) But I don't want to  Stay in the middle Like you a little, don't want no riddle , say it back, oh, say it, ditto   , so say it ditto I don't want to Walk in this        , say it back, oh, say it, ditto I want you so, want you, so say it, ditto  Hoo-ooh, ooh-ooh Hoo-ooh, hoo"
LE SSERAFIM,Perfect Night,2023,hyperpop,"Me and my girlies We gon' party 'til it's early Got me feelin' otherworldly tonight Caught in some traffic But the radio is blastin' Drop a red light and we'll sing it goodbye  Ooh, ooh-ooh-ooh By the mornin', feel like magic  I got all I need You know nothing else can beat The way that I feel when I'm dancin' with my girls Perfect energy Yeah, we flawless, yeah, we free There's no better feelin' in the whole wide world  Tonight I don't care what's wrong or right Don't start blowin' up my line I'd care at 11:59 But nothing counts after midnight  Come and take a ride with me I got a crdit card and some good company Some come through, mak the fit real good Why you still stuck on loading? Waitin' on you, babe  Ooh, ooh-ooh-ooh Night to mornin', live slow motion  I got all I need You know nothing else can beat The way that I feel when I'm dancin' with my girls Perfect energy Yeah, we flawless, yeah, we free There's no better feelin' in the whole wide world  Tonight I don't care what's wrong or right Don't start blowin' up my line I'd care at 11:59 But nothin' counts after midnight  Oh Oh, oh (Ha-ha-ha)  Ooh, ooh-ooh-ooh By the mornin', feel like magic  I got all I need You know nothing else can beat The way that I feel when I'm dancin' with my girls (Yeah) Perfect energy (Uh-huh) Yeah, we flawless, yeah, we free There's no better feelin' in the whole wide world  Tonight I don't care what's wrong or right Don't start blowin' up my line I'd care at 11:59 Don't start blowin' up my line"
Faheem Abdullah,Ishq,2024,hyperpop,                                                                                                                                                           
aespa,Drama,2023,hyperpop,"In the tracks lyrics, aespa threatens their opponents with their Read More   Yeah, yeah I'm the drama  Ziggy, ziggy zag, I'm new 'Cause I go biggie, biggie bad, it's true     toxic   , zoom Hold up, what? (Oh my god) You say, what? ( ) You better watch out,    boom  , vroom I li-li like me when I roll Li-li-like me when I'm savage Li-li-like me when I go Li-li-like it when I baddest Hold up,      , run Go finally, ra-ta-ta-ta      One, two, it's time to go          rules     Yeah, I'm coming I bring, I bring all the  Drama-ma-ma-ma I bring drama-ma-ma-ma With my girls in the back Girls in the back (Drama) Trauma-ma-ma-ma I break trauma-ma-ma-ma With my world in the back   drama (All that)  Drama-ma-ma-ma (Bring that) Drama-ma-ma-ma With my girls in the back Girls in the back, yeah (I break) Trauma-ma-ma-ma (We them) Trauma-ma-ma-ma With my world in the back   drama  Drama-ma-ma-ma Drama-ma-ma-ma Three, two, one (Drama-ma-ma) You know I've been kinda like  On, two, three (Yeah, yeah)    scen (What? What?)   (Uh)  -ah-ah-ah (Yeah) Four, three, two (Yeah) Going down,  through (Uh) Dj vu  (No)         drama     Uh, I'm a stunner  One, two, it's time to go   ( )   and I love it  rules    (  )   ()  (Now) It's coming I bring, I bring all the  Drama-ma-ma-ma I bring drama-ma-ma-ma With my girls in the back Girls in the back (Drama) Trauma-ma-ma-ma I break trauma-ma-ma-ma With my world in the back   drama  Into the real world  climax (Woah)   (Oh) You and I (Oh, yeah)    story (Story, yeah)  , no (Oh)   , every day Oh, I'ma make it my way Out of the way, yeah (Oh, yeah) I bring, I bring all the  Drama-ma-ma-ma I bring drama-ma-ma-ma (Oh) With my girls in the back Girls in the back (Drama) Trauma-ma-ma-ma (Trauma-ma-ma) I break trauma-ma-ma-ma (Trauma-ma-ma) With my world in the back (With my world, yeah)   drama (All that)  You know I'm savage  baddest   thrill    Drama (Drama-ma-ma)    trauma (Drama-ma-ma)   drama  Yeah, yeah   my drama"
NewJeans,Hype Boy,2022,hyperpop," (Uh-uh) (Uh-uh) One, two, three, four  Baby, got me looking so crazy  daydream Got me feeling you,  ?        Maybe you could be the one     I'm not looking for just fun Maybe I could be the one  Oh, baby   lately    , yeah-eh ,  I just want you, call my phone right now I just wanna hear you're mine  'Cause I know what you like, boy (Uh-uh) You're my chemical hype boy (Uh-uh)   ,     Hype boy,   Hype boy,    And we can go hi-i-i-i-i-igh , yeah, , mm-mm Take him to the sky-y-y-y-y-y (Uh-uh) You know, I hype you, boy  , ah-ah-ah, ah-ah (Uh-uh) , yeah, , mm-mm Take him to the sky-y-y-y-y-y (Uh-uh) You know, I hype you, boy            , uh-oh  , they can't have you no more  ,    Yeah-eh        Maybe you could be th one     I'm not looking for just fun Maybe I could be th one  Oh, baby   lately    , yeah-eh ,  I just want you, call my phone right now I just wanna hear you're mine  'Cause I know what you like, boy (Uh-uh) You're my chemical hype boy (Uh-uh)   ,     Hype boy,   Hype boy,    And we can go hi-i-i-i-i-igh , yeah, , mm-mm Take him to the sky-y-y-y-y-y (Uh-uh) You know, I hype you, boy  , ah-ah-ah, ah-ah (Uh-uh) , yeah, , mm-mm Take him to the sky-y-y-y-y-y (Uh-uh) You know, I hype you, boy"
NewJeans,How Sweet,2024,hyperpop," All I know is now    (I know)   always up and down (No more)    spinnin' 'round and 'round Changing my mind     (No more) How it's supposed to be  'cause it's clear (It's simple) It's like biting an apple  Toxic lover, you're no better      You little demon in my storyline Don't knock on my door, I'll see you out  And don't you know how sweet it tastes? (How sweet it tastes) Yeah, don't you know how sweet it tastes? (How sweet it tastes) Yeah, don't you know how sweet it tastes? Now that I'm without you     (How sweet it tastes)    (How sweet it tastes) Wow, don't you know how sweet it tastes? Now that I'm without you    typical So I've been praying so hard for a miracle        drama it's good karma Done scrolling thousand times          It's like biting an apple  And don't you know how sweet it tastes? (How sweet it tastes) Yeah, don't you know how sweet it tastes? (How sweet it tastes) Yeah, don't you know how sweet it tastes? Now that I'm without you     (How sweet it tastes)    (How sweet it tastes) Wow, don't you know how sweet it tastes? Now that I'm without you  I won't wait, I'm feeling My own way, I'm in it 'Caus me and you are differnt So I won't stay, I'm leaving I won't wait, I'm feeling My own way, I'm in it 'Cause me and you are different So I won't stay, I'm leaving  And don't you know how sweet it tastes? (How sweet it tastes) Yeah, don't you know how sweet it tastes? (How sweet it tastes) Yeah, don't you know how sweet it tastes? Now that I'm without you     (How sweet it tastes)    (How sweet it tastes) Wow, don't you know how sweet it tastes? Now that I'm without you  Toxic lover, you're no better      You little demon in my storyline Don't knock on my door    Toxic lover, you're no better      You little demon in my storyline Don't knock on my door, I'll see you out"
LE SSERAFIM,EASY,2024,hyperpop," ,  , kiss me     easy Stage,   ,  body Pull up and I rip it up like ballet Damn, I really make it look easy Yeah, know that I make it look easy  Clap your hands,    Clap your hands now (Dream, dream, dream)       ""I'm the real one"" (Sheesh, sheesh)     wander in the night Don't know what is right Don't know 'bout my rights , , ,  friends of me, yeah    seraphim, yeah  Mm, mm-mm, mm I've been tryin' so long to show you, show you, show you (Oh) (I'm the one that you need)  ,  , kiss me     easy Stage,   ,  body Pull up and I rip it up like ballet Damn, I really make it look easy Yeah, know that I make it look easy Yeah, know that I make it look easy      whippin'  ,   but I keep it Get, set, go, come and see me, I'm the fearless, mm     history,  my way   even if I am not flawless  ?   you have to know  Mm I've been tryin' so long to show you, show you, show you (I'm the one that you need)  ,  , kiss me (Kiss)     easy (    easy) Stage,   ,  body (That's my body, that's my body) Pull up and I rip it up like ballet (Yeah, yeah) Damn, I really make it look easy (Damn, I really make it look easy) *Yeah, know that I make it look easy*"
LISA,Moonlit Floor (Kiss Me),2024,hyperpop,"Ooh la-la-la Ooh la-la-la  I'ma need to hear you say it out loud 'Cause I love it when my name slips out your mouth Love it when your eyes caress my body (Oh-oh) Right before you lace your kisses on me (Bonjour, ooh)  Green-eyed French boy got me trippin' How your skin is always soft How your kisses always hit How you know just where to Green-eyed French boy got me trippin' On that accent off your lips How your tongue do all those tricks? How you know just where to  Kiss me under the Paris twilight Kiss me out on the moonlit floor Kiss me under the Paris twilight (Ah-ah) So kiss me  Cute fit in the whip to the flight to the sky Never down, baby, check my stats Truth is, I wasn't tryna meet nobody Baby, I was there to get my bag But when I saw you I was like, ""I like that"" Wasn't tryna break, baby, I fought back But when I heard you say, ""Bonjour, bb"" I was like, ""Damn""  Green-eyed French boy got me trippin' How your skin is always soft (Ah-ah) How your kisses always hit How you know just where to Green-eyed French boy got me trippin' On that accent off your lips How your tongue do all those tricks? How you know just where to  Kiss me under the Paris twilight Kiss me out on the moonlit floor Kiss me under the Paris twilight (Ah-ah) So kiss me  Ooh, them French boys got me trippin' (Ooh la-la-la) Ooh, them French boys got me trippin' (Ooh la-la-la) Ooh, them French boys got me trippin' (Ooh la-la-la) Ooh, them French boys got me trippin' (La-la)  Kiss me under the Paris twilight Kiss me out on the moonlit floor Kiss me under the Paris twilight So kiss me"
ZICO,SPOT!,2024,hyperpop," Everything okay, my man? Turn the music up  Mm, we're not goin' home tonight, alright    party Up and down, 'round and 'round Hit the spot, spot, spot, spot    ? ?  Hey, girl, where you at?   send me the address (Hey) No dress code     ,   (Yeah)   it's too sticky (Sticky)   !   ()      homie (Sup?)      Chillin' out, we yellin' out, one more       I  E    now hands in the air  Mm, we're not goin' home tonight, alright    party Up and down, 'round and 'round Hit the spot, spot, spot, spot    ? ?  Up and down, 'round and 'round Everybody, hit the spot Up and down, 'round and 'round Everybody, hit the top Up and down, 'round and 'round Everybody, make it loud Up and down, 'round and 'round Ain't nobody hold us down    he say, ""Yo, Jennie Told you that  "" Yeah, I know, I know      Bae,         , go  , put your mask on     (Ah)     ""J-Z"" We gon' run this town, that's crazy (Uh)       , now hands in the air  Mm, we're not goin' home tonight, alright    party Up and down, 'round and 'round Hit the spot, spot, spot, spot    ? ?  Up and down, 'round and 'round Everybody, hit the spot Up and down, 'round and 'round Everybody, hit the top Up and down 'round and 'round Everybody, make it loud Up and down, 'round and 'round Everybody, stop, wait a minute, ah  (Hey, hey) Come vibe with us (Hey) Ride with us (Hey, hey) (Hey)"
NewJeans,ETA,2023,hyperpop,"         real bad   No, you better trust me              Honestly   He's been totally lyin', yeah                           Heard him say  We can go wherever you like Baby, say the words and I'm down All I need is you on my side We can go whenever you like Now, where are you? (Mm-mhm) What's your ETA? What's your ETA? (Mm-mhm-mm) What's your ETA? What's your ETA? (Mm-mhm) *What's your ETA? What's your ETA?* *I'll be there right now, lose that boy on her arm*            you deserve better than that     playin' Boys be always lyin', yeah                           Heard him say  We can go wherever you like Baby, say the words and I'm down All I need is you on my side We can go whenever you like Now, where are you? (Mm-mhm) What's your ETA? What's your ETA? (Mm-mhm-mm) What's your ETA? What's your ETA? (Mm-mhm) What's your ETA? What's your ETA? I'll be there right now, lose the boy on your arm  Need a boy on my arm (Need a boy on my arm) Need a boy on my arm (Need a boy on my arm) Want a boy on my arm (Want a boy on my arm) Need you boy on my arm (Need you boy on my arm)"
ENHYPEN,XO (Only If You Say Yes),2024,hyperpop," X-O X-O Kiss me Don't say no  X-O, O-O-O-O-O X-O, O-O-O-O-O Kiss me, e-e-e-e-e Don't say no, o-o-o-o-o X-O, yeah                    X-O   Please babe, say yes         Please say my name     So just say, oh, babe     , yeah         X-O X-O Kiss me Don't say no X-O, O-O-O-O-O X-O, O-O-O-O-O Kiss me, e-e-e-e-e Don't say no, o-o-o-o-o X-O, O-O-O-O-O X-O, O-O-O-O-O Kiss me, e-e-e-e-e Just say, oh, oh-oh-oh-oh-oh X-O, yeah  Can I kiss you? Can I hug you?  , yeah Would you kiss me? Would you hug me?  , yeah One and (One and) only (Only)  ()  () For you (For you) I will  So just say, oh, babe     ? So just say, oh, babe     ? *So just say, oh, babe     , yeah* **     , yeah, yah, yeah**  X-O X-O Kiss me Don't say no X-O, O-O-O-O-O X-O, O-O-O-O-O Kiss me, -e-e-e-e Don't say no, o-o-o-o-o X-O, O-O-O-O-O X-O, O-O-O-O-O Kiss me, e-e-e-e-e Just say, oh, oh-oh-oh-oh-oh"
Stray Kids,LALALALA,2023,hyperpop," Welcome to  ()  ()   ()   ()   ()   ()      ()   okie, dokie              (**)  bang, bang    headbanging (**)                     good day Lock, lock, unlock  Just feel the rhythm of the world 'Cause we will make it rock  roll       La-la-la-la, la, la-la-la-la Just feel the rock (La-la-la-la, la) We let it rock (La-la-la-la) Just feel the luck (La-la-la-la, la) We let it rock (La-la-la-la)   , la-la-la-la  La-la-la-la, la, la-la-la-la  Inhale,        Guitar, bass, drums    nails We gon' rock, rock  don't stop, stop (Go for rock) Yeah, we tick-tock, boom-chiki-ta  mic  shout     , lock,          (*Oh, yeah*)         , stunner Bet you've never seen a stage like this,         Just feel the rhythm of the world 'Cause we will make it rock  roll        , so sick    Move and show it     Oh,              La-la-la-la, la, la-la-la-la La-la-la-la, la, la-la-la-la Just feel the rock (La-la-la-la, la) We let it rock (La-la-la-la) Just feel the luck (La-la-la-la, la) We let it rock (La-la-la-la)   , la-la-la-la  Rock and roll We dancing 'til we fall No stopping, here we go 24/7, keep it going on Rock and roll We dancing 'til we fall No stopping, here we go No stopping, here we go, here we go"
Jung Kook,Yes or No,2023,hyperpop,"This ain't another love song, baby It's my way of putting feelers out All the traffic in my head's going crazy I'm gonna trust my heart right now And if it's better to bet on us, then I'll double down And if we end up in bed and I put the covers out And if I'm wrong, I'll just bury my head deep underground I gotta know  Are you feeling the rush? If so, then I think I know what's going on And are we falling in love? Say yes or no, yes or no, yes or no Are you thinking 'bout us? ('Bout us) If so, then I think I know what's (Know what's) going on And are we falling in love? Say yes or no, yes or no, yes or no  Everybody in this club so faded I'm trippin' over getting lost on you If we forever startd out as strangers I think my ever aftr just came true If you could see what I see, then let's see what it's about We will go higher and higher, but we're not looking down If it's a dream, there's no telling when I'll be coming 'round And I gotta know  Are you feeling the rush? If so, then I think I know what's going on And are we falling in love? Say yes or no, yes or no, yes or no Are you thinking 'bout us? ('Bout us) If so, then I think I know what's (Know what's) going on And are we falling in love? Say yes or no, yes or no, yes or no  Something about you Do you feel the way I do? There's magic in the room Tell me, do you feel it too? Something about you Do you feel the way I do? There's magic in the room Tell me what we gonna do?  Are you feeling the rush? If so, then I think I know what's going on And are we falling in love? Say yes or no, yes or no, yes or no Are you thinking 'bout us? ('Bout us) (Yeah, yeah, yeah) If so, then I think I know (Know what's) what's going on (What's going on) And are we falling in love? Say yes or no, yes or no, yes or no Oh-oh, mmm"
BTS,Boy With Luv (feat. Halsey),2019,hyperpop," () () () ()     how's your day? Oh, tell me (Oh yeah, oh yeah, ah yeah, ah yeah)     Oh, text me (Oh yeah, oh yeah, oh yeah, oh yeah)  Your every picture    , oh oh bae Come be my teacher      Your one, your two  Listen my my baby       (     )           Yeah, you makin' me a boy with love  Oh my, my, my, (Uh) oh my, my, my I've waited all my life     Oh my, my, my, (Yeah) oh my, my, my Looking for something right      () I want something stronger (I want it) () Than a moment, than a moment, love () I have waited longer () For a boy with, for a boy with love      ya (Oh)     ya (Ya, ya)        (Alright)   ayy, ayy    ayy, ayy       , ayy  (Hope world)         (Oh no)         (Oh no)   (No way)   (No way)      (Boy with love)  Listen my my baby       (     )           Yeah, you makin' me a boy with love  Oh my, my, my, (Uh) oh my, my, my You got me high so fast     Oh my, my, my, oh my, my, my You got me fly so fast      () Love is nothing stronger (I want it) () (Than a boy with) Than a boy with love () Love is nothing stronger () (Than a boy with) Than a boy with love           sky,  hall     But         (Yeah)     (Uh)    Let me fly  Oh my my my, oh my my my I've waited all my life (All my life)     Oh my my my, oh my my my (Oh, oh) Looking for something right (Right)      () I want something stronger (I want it) () Than a moment, than a moment, love (Mo-moment, love) () Love is nothing stronger (Ooh ooh, oh yeah) () (Than a boy with) Than a boy with love"
FIFTY FIFTY,Cupid (Twin Ver.) - Live Studio Version OT4,2023,hyperpop,"La, la, la, la-la-la La, la-la-la, la, la-la-la  A hopeless romantic all my life Surrounded by couples all the time I guess I should take it as a sign (Oh why, oh why? Oh why, oh why?)  I'm feelin' lonely (Lonely) Oh, I wish I'd find a lover that could hold me (Hold me) Now I'm crying in my room So skeptical of love (Say what you say, but I want it more) But still, I want it more, more, more  I gave a second chance to Cupid But now I'm left here feelin' stupid Oh, the way he makes me feel that love isn't real Cupid is so dumb  I look for his arrows every day I guess he got lost or flew away Waiting around is a waste (Waste) Been counting the days since Novembr Is loving as good as they say?  Now I'm so lonely (Lonely) Oh, I wish I'd find a lovr that could hold me (Hold me) Now I'm crying in my room So skeptical of love (Say what you say, but I want it more) But still, I want it more, more, more  I gave a second chance to Cupid But now I'm left here feelin' stupid Oh, the way he makes me feel that love isn't real Cupid is so dumb  (Cupid is so dumb)  Hopeless girl is seeking Someone who will share this feeling I'm a fool A fool for love, a fool for love  I gave a second chance to Cupid But now I'm left here feelin' stupid Oh, the way he makes me feel that love isn't real Cupid is so dumb I gave a second chance to Cupid (Hopeless girl is seeking someone) But now I'm left here feelin' stupid (Who will share this feeling) Oh, the way he makes me feel that love isn't real (I'm a fool) Cupid is so dumb (A fool for love, a fool for love)"
LISA,Rockstar,2024,hyperpop,"Lyrically, the song is about LISAs Read More  Gold teeth sittin' on the dash, she a rockstar Make your favorite singer wanna rap, baby, la, la ""Lisa, can you teach me Japanese?"" I said, """" That's my life, life, baby, I'm a rockstar  Been on a mission, boy, they call me catch-and-kill I'm stealin' diamonds, make them chase me for the thrill Been MIA, BKK so pretty Every city that I go is my city  Gold teeth sittin' on the dash, she a rockstar Make your favorite singer wanna rap, baby, la, la ""Lisa, can you teach me Japanese?"" I said, """" That's my life, life, baby, I'm a rockstar  I'm a rockstar, I'm a rockstar It's not hype, hype, baby, make you rock-hard  Make a wish, babe, what you wanna do? Dippin' outta big cities like a ponzu It's a fast life, it's an attitude Put it on the calndar and tell me when to com through Yes, yes, I can spend it Yes, yes, no pretendin' Tight dress, LV sent it Oh shit, Lisa reppin'  Been on a mission, boy, they call me catch-and-kill I'm stealin' diamonds, make them chase me for the thrill Been MIA, BKK so pretty Every city that I go is my city  Gold teeth sittin' on the dash, she a rockstar Make your favorite singer wanna rap, baby, la, la ""Lisa, can you teach me Japanese?"" I said, """" That's my life, life, baby, I'm a rockstar Gold teeth sittin' on the dash, she a rockstar Make your favorite singer wanna rap, baby, la, la ""Lisa, can you teach me Japanese?"" I said, """" That's my life, life, baby, I'm a rockstar  I'm a rockstar, I'm a rockstar It's not hype, hype, baby, make you rock-hard I'm a rockstar, I'm a rockstar It's not hype, hype, baby, make you rock-hard  Ooh, and the music goin' Ooh, and the girls are posin' Ooh, don't it get you in a mood? It's not hype, hype, baby, I'm a rockstar"
BIGBANG,BANG BANG BANG,2016,hyperpop,"It contains two songs: Bang Bang Bang & We Like 2 Party. The first poster titled Bang Bang Bang was Read More   Oh-oh-oh-oh, oh-oh-oh-oh Oh-oh-oh, oh-oh-oh   ,    (Hey)  ,    (Hey)         (Ayy, ooh) ,  , yeah (Oh; Yo)          ,                        (Woo)    (Woo)   (Woo)     B-I-G, yeah, we bang like this        Bang, bang, bang Bang, bang, bang , ,  Bang, bang, bang Bang, bang, bang , ,     ,      ,       ,       , , ,    ,    (Hey)     ,  (Hey)  ,    Valhalla (Ay, ooh) ,   , yeah (He-he, alright)  We go hard,  (Yeah)  ,  (Woo)     ,  (Yeah)              , woah  (Woo)    (Woo)   (Woo)     B-I-G, yeah, we bang like this        Bang, bang, bang Bang, bang, bang , ,  Bang, bang, bang Bang, bang, bang , ,     ,      ,       ,       , , ,   Ready or not Yeah, we don't give a what Ready or not Yeah, we don't give a what  Let's go  ,  get low , bang, bang, bang, let the bass drum go  ,  get low , bang, bang, bang, let the bass drum go (Ayy, ayy) Let the bass drum go (Ayy, ayy) Let the bass drum go  Bang, bang, bang (Ayy) Bang, bang, bang (Ayy) Let the bass drum go Bang, bang, bang (Ayy) Bang, bang, bang (Ayy) Let the bass drum go"
Jack Harlow,First Class,2022,hyperpop," Read More  Mm  I been a (G), throw up the (L), sex in the (A.M.), uh-huh (O-R-O-U-S, yeah) And I can put you in (First class, up in the sky) I can put you in (First class, up in the s, up-up in the s) I been a (G), throw up the (L), sex in the (A.M.), uh-huh (O-R-O-U-S, yeah) And I can put you in (First class, up in the sky), mm, mm I can put you in (First class, up in the s, up-up in the s)  I can see the whole city from this balcony Back in 2019, I was outside freely, but now they got it out for me I don't care what frat that you was in, you can't alpha me, keep dreamin' Pineapple juice, I give her sweet, sweet, sweet semen I know what they like so I just keep cheesin' Hard drive full of heat seekin' Tryna come the same day as Jack? Rethink it You don't need Givenchy, you need Jesus Why do y'all sleep on me? I need reasons Uh, I got plaques in th mail, peak season Shout out to my UPS workers makin' sur I receive 'em You can do it too, believe it  I been a (G), throw up the (L), sex in the (A.M.), uh-huh (O-R-O-U-S, yeah) And I can put you in (First class, up in the sky), mm, mm I can put you in (First class, up in the s, up-up in the s)  (Are you ready?) Ha, yes, I am They say, ""You a superstar now,"" damn, I guess I am You might be the man, well, that's unless I am Okay, I'll confess I am Go ahead and get undressed, I am Okay, cool, you on Sunset? (I am) I'm 'bout to slide, okay, I'm outside, okay This lifestyle don't got many downsides 'Cept for the lack of time I get 'round my Family, makin' sure they never downsize I got visions of my mom sayin', ""Wait, this house mine?"" Can't lie, I'm on Angus, Cloud 9 I got 'em on the bandwagon now, 'bout time I ain't even got no downtime Every time I speak, she say, ""Yeah, that sounds fine""  I been a (G), throw up the (L), sex in the (A.M.), uh-huh (O-R-O-U-S, yeah) And I can put you in (First class, up in the sky) I can put you in (First class, up in the s, up-up in the s) I been a (G), throw up the (L), sex in the (A.M.), uh-huh (O-R-O-U-S, yeah) And I can put you in (First class, up in the sky), mm, mm I can put you in (First class)"
LE SSERAFIM,Smart,2024,hyperpop," (Ah-ah-ah) (Ah-ah-ah)  I'm a smarter, baby, smarter Smarter, baby, smarter      Wanna be a winner Wanna be a winner            I call it ""sugar"" (My sugar, sugar) Plan     sugar, sugar (My sugar)   ,  mean, mean, mean, mean, mean                  ""villain""  So   me, me, me, me, me  , see, see, see, see, see LE SSERAFIM,   To victory  I'm a smarter, baby, smarter Smarter, baby, smarter      Wanna be a winner Wanna be a winner       I'm a smarter, baby  Work hard in secret,    I planned that, don't be mad Plan      loser, loser (That loser)   ,  mean, mean, mean, mean, mean                  ""villain""  So I just wanna be me, me, me, me  , see, see, see, see, see LE SSERAFIM,   To victory  I'm a smarter, baby, smarter Smarter, baby, smarter      Wanna be a winner Wanna be a winner       I'm a smarter, baby    tick-tock,  shortcut   , huh  , ""That's all luck""  , ""No, it's not luck""   not lying, lying Don't slow down,   superfast Best scheme,   ,    *Dinner of the winner, that is what I want to get, that's right*  Smarter (Smarter, baby, smarter) Smarter, baby, smarter (Smarter, baby, smarter)    (  )   ( ) Wanna be a winner (Wanna be a winner) Wanna be a winner (Wanna be a winner)   ( )     (   ) I'm a smarter, baby"
YEONJUN,GGUM,2024,hyperpop," Let's go YJ  Yeah, I make it chewy like    on this beat, no time to    , when I'm on the floor  , keep it, pop and blow  ,      , that volume   like bubble gum   for this moment Started from    run with me,        my team     I'm always on fire  Easy thing (Easy thing)    , my game (, my game) Go hit that      (Ah, yeah, yeah, yeah),     (Ah, yeah, yeah, yeah),   Yeah, I make it chewy like    on this beat, no time to    , when I'm on the floor  , keep it, pop and blow  ,     not afraid     down, down, down   stick    go for , ,  Every minute, second   , banger  , this song     venom  Every day (Every day)     my taste ( my taste) Go hit that      (Ah, yah, yeah, yeah),     (Ah, yeah, yah, yeah),   Yeah, I make it chewy like    on this beat, no time to    , when I'm on the floor  , keep it, pop and blow  ,   Yeah, I make it chewy like   (Yeah, yeah)  on this beat, no time to    , when I'm on the floor  , keep it, pop and blow  ,  "
Jung Kook,Seven (feat. Latto) (Clean Ver.),2023,hyperpop,"Weight of the world on your shoulders I kiss your waist and ease your mind I must be favored to know ya I take my hands and trace your lines  It's the way that we can ride It's the way that we can ride (Oh-oh-oh-oh) Think I met you in another life So break me off another time (Oh-oh-oh-oh) You wrap around me and you give me life And that's why night after night I'll be lovin' you right  Monday, Tuesday, Wednesday, Thursday, Friday, Saturday, Sunday (A week) Monday, Tuesday, Wednesday, Thursday, Friday Seven days a week Every hour, every minute, every second You know night after night I'll be lovin' you right Seven days a week  You love when I jump right in All of me I'm offerin' Show you what devotion is Deeper than the ocean is Wind it back, I'll take it slow Leave you with that afterglow Show you what devotion is Deeper than the ocean is  It's the way that we can ride It's the way that we can ride (Oh-oh-oh-oh) Think I met you in another life So break me off another time (Oh-oh-oh-oh) You wrap around me and you give me life And that's why night after night I'll be lovin' you right  Monday, Tuesday, Wednesday, Thursday, Friday, Saturday, Sunday (A week) Monday, Tuesday, Wednesday, Thursday, Friday Seven days a week Every hour, every minute, every second You know night after night I'll be lovin' you right (I'll be lovin' you right) Seven days a week Monday, Tuesday, Wednesday, Thursday, Friday, Saturday, Sunday (A week) Monday, Tuesday, Wednesday, Thursday, Friday Seven days a week (Oh, oh, seven days a week) Every hour, every minute, every second You know night after night (Night after night) I'll be lovin' you right (I'll be lovin' you right) Seven days a week (Big Latto)  Tightly take control, tightly take his soul Take your phone and put it in the camera roll (Uh) Leave them clothes at the door What you waiting for? Better come and hit ya goals He jump in it both feet Going to the sun-up, we ain't gettin' no sleep Seven days a week, seven different sheets Seven different angles, I can be your fantasy Open up, say, ""Ah"" Come here, baby, let me swallow your pride What you on? I can match your vibe Hit me up and I'ma Cha Cha Slide You make Mondays feel like weekends I make him never think about cheatin' Got you skippin' work and meetings Let's sleep in, yeah (Seven days a week, ooh)  Monday, Tuesday, Wednesday, Thursday, Friday, Saturday, Sunday (A week) Monday, Tuesday, Wednesday, Thursday, Friday Seven days a week Every hour, every minute, every second (Oh-oh-oh) You know night after night I'll be lovin' you right Seven days a week (Oh) Monday, Tuesday, Wednesday, Thursday, Friday, Saturday, Sunday (A week) Monday, Tuesday, Wednesday, Thursday, Friday (Ooh, ooh, ooh, ooh, ooh) Seven days a week Every hour, every minute, every second (Hour, minute, second) You know night after night I'll be lovin' you right Seven days a week"
Jimin,Like Crazy,2023,hyperpop," (I think we could last forever I'm afraid that everything will disappear Just trust me)  She's saying Baby,   There's not a bad thing here tonight Baby,       Watch me go    (Away)              story         ? Yeah, I know You know, I know (Ooh)  I'd rather be Lost in the lights Lost in the lights I'm outta my mind       You spin me up high    Let me have a taste  Give me a good ride (Oh, I'm fallin', I'm fallin', I'm fallin') Oh, it's gon' be a good night (Oh, I'm fallin') Forever, you and I  Mmm-hmm Yeah, hey Mmm-hmm Ooh-woah Mmm-hmm Mmm-hmm (Forever, you and I)        I'm feelin' so alive, wasting time  I'd rather be Lost in the lights Lost in the lights I'm outta my mind       You spin me up high    Let me have a taste  Give me a good ride (Oh, I'm fallin', I'm fallin', I'm fallin') It's gon' be a good night (Oh, I'm fallin') Forever, you and I  This will break me This is gonna break me (Break me) No, don't you wake me (Wake me) I wanna stay in this dream, don't save me Don't you try to save me (Save me) I need a way we (Way we) I need a way we can dream on (On, on, on) (Alone again What's the point?)"
BTS,Run BTS,2022,hyperpop," Yeah, yeah Okay Run, run (Oh-oh-oh-oh) Okay, okay, let's go   100m      calling (, )          (Oh)     ( ) (Oh)    ( ) I don't wanna go, go back again Let's go, let's go, let's go  10 wait, wait We from the bottom I caught you, bae, bae    We seven mate, mates  , we got us Tell me what you wanna Tell me what you wanna, woah If we live fast, let us die young     Make it move, left and right   Make it move, left and right    , yeah, yeah  , are you ready? Yeah, yeah, yeah *Okay, let's go*  Run, bulletproof, run, yeah, you gotta run (Run, run) Run, bulletproof, run, yeah, you gotta run (Run, run) Run, bulletproof, run, yeah, you gotta run (Run, run) Run, bulletproof, run  Okay, okay, let's go                   ?  ,               ,   (Okay) , got them (Got them) , got them (Got them) Good music, got them (Got them) Good team? Goddamn (Oh, yeah) You said you hot (You hot) Oh, man, you not (You not)        , let's go  10 wait, wait We from the bottom I caught you, bae, bae    We seven mate, mates  , we got us Tell me what you wanna Tell me what you wanna, woah If we live fast, let us die young     Make it move, left and right   Make it move, left and right    , yeah, yeah  , are you ready? Yeah, yeah, yeah *Let's go*  Run, bulletproof, run, yeah, you gotta run (Run, run) Run, bulletproof, run, yeah, you gotta run (Run, run) Run, bulletproof, run, yeah, you gotta run (Run, run) Run, bulletproof, run (Run, run)  Skrrt    ,   That's how we do it all (Ayy, ayy)       (Ayy, ayy) , , s , , s , , s , , so thanks Get ready, get ready, get ready, get ready, get ready,   Go get it, go get it, go get it, go get it, go get it, , run If we live fast, let us die young     Make it move, left and right   Make it move, left and right    , yeah, yeah  , are you ready? Yeah, yeah, yeah Yeah (Yeah)  Run, beautiful, run, yeah, you gotta run (Run) Run, beautiful, run, yeah, you gotta run (Run) Run, beautiful, run, yeah, you gotta run (Run) Run, beautiful, run"
NewJeans,Supernatural,2024,hyperpop,"Lyrically, Supernatural sees the members singe about romance and falling in love, Read More    Come on (Ah-ah)  Stormy night, cloudy sky In the moment, you and I One more chance         My feeling's getting deeper       I gotta see the meaning of it  I don't know what we've done    Don't know what we've been sold  So it's sure  Golden moon, diamond stars In a moment, you and I Second chance,       My feeling's getting deeper       I gotta see the meaning of it  I don't know what we've done    Don't know what we've been sold  So it's sure  It's supernatural It's supernatural       Attention we should pay To what is coming through We had no idea, it's crystal clear Love is here, sitting next to you   Golden moon, diamond stars In a moment, we unite"
LE SSERAFIM,ANTIFRAGILE,2023,hyperpop," Anti-ti-ti-ti-fragile, fragile Anti-ti-ti-ti-fragile Anti-ti-ti-ti-fragile, fragile Antifragile, antifragile    ridin' You made me boost up (Ah-ah-ah-ah)    party           rival    fallin   , I'ma jump in (Yes, gimme that)    like a lion   desire (Na-na-na, eh)  , gasoline on fire     risin' (Na-na-na, eh)      toe shoes         career I go to ride til I die, die          (Ah-ah)   I'm antifragile, antifragile (Ah-ah)   on my way    fairytale (Ah-ah) Now, you know my name I'm antifragile, antifragile  Anti-ti-ti-ti-fragile, fragile Anti-ti-ti-ti-fragile Anti-ti-ti-ti-fragile, fragile Antifragile, antifragile  Lovey, lovey, lovey, dovey, dovey, dovey      I don't know what to say I can't feel it      go ahad    no thanks      (Yeah, gimme that)    like a lion   dsire (Na-na-na, eh)   gasoline on fire     risin' (Na-na-na, eh)      toe shoes         career I go to ride 'til I die, die          (Ah-ah)   I'm antifragile, antifragile (Ah-ah)   on my way    fairytale (Ah-ah) Now, you know my name Im antifragile, antifragile  Anti-ti-ti-ti-fragile, fragile Anti-ti-ti-ti-fragile Anti-ti-ti-ti-fragile, fragile Antifragile, antifragile  We can break it, baby Rock it, twist it, lock it, baby All I know is you cant chain me 'Cause Im gonna break out, gonna, gonna break out, out We can break it, baby Rock it, twist it, lock it, baby (Rock it, twist it, lock it, baby) All I know is you can't chain me (All I know is you can't chain me) 'Cause Im gonna break out, gonna, gonna, break out, out (*Woah-oh-oh-oh, oh-oh*)          (Ah-ah)   I'm antifragile, antifragile (Ah-ah)   on my way    fairytale (Ah-ah) Now, you know my name I'm antifragile, antifragile  Anti-ti-ti-ti-fragile, fragile Anti-ti-ti-ti-fragile Anti-ti-ti-ti-fragile, fragile Antifragile, antifragile"
BTS,Life Goes On,2020,hyperpop,"The story behind the song begins from BTS  Read More                            , yeah                                                    ?    , oh             Like an echo in the forest       Yeah, life goes on Like an arrow in the blue sky     On my pillow, on my table Yeah, life goes on Like this again        (Ayy)      (No) Mm-mm-mm-mm             """"        (Ooh, ooh, ooh, oh-woah)              ?     oh     ()     ()    (Oh, oh, oh)  Like an echo in the forest       Yeah, life goes on (Oh, woah) Like an arrow in the blue sky     () On my pillow, on my table Yeah, life goes on Like this again  I remember I, yeah-yeah-yeah-yeah I remember Ah-ah, ah-ah I remember I, yeah-yeah-yeah-yeah I remember Ah-ah, ah-ah"
BABYMONSTER,LIKE THAT,2024,hyperpop,"As said by YG via Track Introduction video, the Read More  I see that look upon your face Something my mind cannot erase If we keep staring, then I might have to Might have to start to walk your way I wanna hear what you would say You got high standards and I do too (Too)  'Cause all those girls (They don't) Know what you need (They don't) But I know, I know the way, the way To make, to make sure you never leave (Yeah)  If I come close, baby, would you like that? If I give some, would you give it right back? If I show you that I know where it's at Baby, would you like that? Baby, would you like that? Say you want love, boy, I know what that means Make you feel way better than in your dreams If I show you that I know where it's at Baby, would you like that? Baby, would you lik that?  Yo, it's like that, like that (Like that) How you run it right back Know you on th right track Queen, ace (Blackjack) I be thinking way too much I need to let it go You be running through my mind And I'ma let it show  'Cause ain't nobody stepping up to me And saying nothing when I calling you Be running eye to eye, we never fronting, yeah We zoning (Uh), bet we stunting (Uh) On and on (Uh) and on and on and To the top, baby boy, we be rolling  'Cause all those girls (They don't) Know what you need (They don't know what you need) But I know, I know the way, the way To make, to make sure you never leave (Let's get it, yeah)  If I come close, baby, would you like that? (Like that) If I give some, would you give it right back? (Right back) If I show you that I know where it's at Baby, would you like that? Baby, would you like that? Say you want love, boy, I know what that means Make you feel way better than in your dreams If I show you that I know where it's at Baby, would you like that? Baby, would you like that?  (I want you) In my arms In my arms (Yeah), my arms (That's where you need to be) In my arms, in my arms My arms (That's where you need to be)  Ah-ah, ah-ah But I know, I know the way, the way To make, to make sure you never leave  If I come close, baby, would you like that? (Like that) If I give some, would you give it right back? (Right back) If I show you that I know where it's at *Baby, would you like that? Baby, would you like that?* Say you want love, boy, I know what that means Make you feel way better than in your dreams (Your dreams) If I show you that I know where it's at Baby, would you like that? Baby, would you like that? If I come close, baby, would you like that? (In my arms) If I give some, would you give it right back? (In my arms) If I show you that I know where it's at (My arms) Baby, would you like that? Baby, would you like that? (That's where you need to be) Say you want love, boy, I know what that means Make you feel way better than in your dreams If I show you that I know where it's at Baby, would you like that? Baby, would you like that?"
Stray Kids,God’s Menu,2020,hyperpop," ,                 ,     Cooking a sauce    lick it  bon Taste so good    But    I want it 'til     cross boundaries             Because we're one of a kind      our own game                       Du, du, du, du, du, du      Du, du, du, du, du, du            I just wanna taste it, make it hot    track    call me up    serve Du, du, du, du, du, du  Cooking like a chef, I'm a five star       illusion Ooh,       gonna shock, ah,     (!)   unlock (Lock!) Idea bank      (!)            Because we're one of a kind      our own game                      (Du, du, du, du, du, du)            ,   ! (Du, du, du)       Du, du, du, du, du, du      Du, du, du, du, du, du                ,   Du, du, du, du, du, du"
BLACKPINK,As If It's Your Last,2017,hyperpop," (Little bit of that) (Little bit of this) (Little bit of that) (Gimme, gimme, gimme)  (Gimme little bit of that)     (Gimme little bit of this)                (Gimme little bit of that)      (Gimme little bit of this)                            missing you   won't you set me free-e-e-e?  Baby,      ,            (Yeah) -- (Yeah)    love  (Yeah) -- (Yeah)     love  Uh, I'ma fall in love, baby You gon' finna catch me, uh Give you all of this, baby Call me pretty and nasty 'Cause we gonna get it, my love You can bet it on black We gon' double the stack on them, woo I be the Bonnie and you be my Clyde We ride or die, Xs and Os          missing you   won't you set me free-e-e-e?  Baby,      ,            (Yeah) -- (Yeah)    love  (Yeah) -- (Yeah)     love  One, two, three,                   BLACKPINK in your area (BLACKPINK in your)  Baby,                  (Yeah) -- (Yeah)    love  (Yeah) -- (Yeah)     love"
NewJeans,Attention,2022,hyperpop," Mm-hmm-mm, yeah (Here we go) Attention Got me looking for attention (Ayy) Got me looking for attention (Ayy) Got me looking for attention One, two, three, okay  You and me,     ,  , you see? Eh-yeah, you see, ayy, ayy, ayy, ayy One, two, three,         ,  (Hmm), you see?  ?  Looking for attention,  (Huh)    (Stop) Ayy, drop the question Drop the, drop the question (Drop it) Want attention, wanna, want attention (Come on) You give me butterflies, you know?    paradise    (Ayy)  You got me looking for attention You got me looking for attention      Got me looking for attention          You're so fine (Ayy), gotta, gotta get to know ya ,    (Yeah)  , I need ya Need ya, need ya to look at me back (Ayy) Hey,       (Ayy)    , baby (Baby)    (Stop) Ayy, drop the qustion Drop the, drop the question (Just call) Want attntion, wanna, want attention (Uh) You give me butterflies, you know?    paradise (Hmm)    (*Hello? One, two, three, ayy*)  You got me looking for attention You got me looking for attention      Got me looking for attention You got me looking for attention You got me looking for attention *    * Got me looking for attention  A-T-T-E-N-T-I-ON Attention is what I want A-T-T-E-N-T-I-ON Attention is what I want A-T-T-E-N-T-I-ON Attention is what I want A-T-T-E-N-T-I-ON You got me looking for attention"
ENHYPEN,Drunk-Dazed,2021,hyperpop,"      diamond         Turning up the party now   , wow  ha-ha, high   la-la, loud , baby,  , shining We're in love with this carnival                But I just wanna stay  ,   daze, daze, daze  , replay, play, play      , go   carnival, wow, wow    daze, daze, daze Can't control my body, dance, dance, dance *    * **  carnival, wow, wow**  Mm,        ,           ,                 But I never escape  ,   daze, daze, daze  , replay, play, play      , go   carnival, wow, wow    daze, daze, daze Can't control my body dance, dance, dance *    * **  carnival, wow, wow**       , ah   , I'ma ride  ,   daze, daze, daze  , replay, play, play      , go   carnival, wow, wow    daze, daze, daze Can't control my body, dance, dance, dance        carnival wow, wow          (Woah-oh, woah-oh)         (Woah-oh, woah-oh)"
Stray Kids,MANIAC,2022,hyperpop," Let's go            Lock       , ho    (Yup, yup)    (Yup, yup)    back     cosplay, , pow  Mash up, mind blown,  back up Prototype    freaky monster     , rotten        Poppin'         , toxic  , warning  Maniac    , maniac   Maniac, Frankenstein  Maniac, maniac (Ha-ha) Maniac (Oh)     maniac (You can't stop the smoke)   (Thick as fog) Maniac,   (We're maniacs) Maniac, maniac      (Ha)       life It ain't ""live,"" it's ""holding on,"" yeah           no fresh Locket       , ho  Uh,           dormant volcano          like a sealed tornado Poppin'         , toxic  , warning  Maniac    , maniac   Maniac, Frankenstein  Maniac, maniac (Ha-ha) Maniac (Oh)     maniac (You can't stop the smoke)   (Thick as fog) Maniac,   (We're maniacs) Maniac, maniac     lunatic                   , yeah  Maniac Maniac, maniac Maniac Maniac, maniac (You cannot stop with this feeling) Ha-ha  Maniac (Oh)    , maniac (You can't stop the smoke)   (Thick as fog) Maniac,   (We're maniacs) Maniac, maniac"
BTS,Butter,2022,hyperpop,"Smooth like butter Like a criminal undercover Gon' pop like trouble Breakin' into your heart like that (Ooh) Cool shade stunner Yeah, I owe it all to my mother Hot like summer Yeah, I'm makin' you sweat like that Break it down  Ooh, when I look in the mirror I'll melt your heart into two I got that superstar glow so (Ooh) Do the boogie like  Side step, right, left to my beat High like the moon, rock with me, baby Know that I got that heat Let me show you 'cause talk is cheap Side step, right, left to my beat Get it, let it roll  Smooth like butter Pull you in like no other Don't need no Usher To remind me you got it bad Ain't no other That can sweep you up like a robber Straight up, I got ya Makin' you fall like that Break it down  Ooh, when I look in the mirror I'll melt your heart into two I got that superstar glow so (Ooh) Do the boogie like  Side step, right, left to my beat High like the moon, rock with me, baby Know that I got that heat Let me show you 'cause talk is cheap Side step, right, left to my beat Get it, let it roll  Get it, let it roll Get it, let it roll  Ice on my wrist, I'm the nice guy Got the right body and the right mind Rollin' up to party, got the right vibe Smooth like (Butter), hate us (Love us) Fresh boy pull up and we lay low All the playas get movin' when the bass low Got ARMY right behind us when we say so Let's go  Side step, right, left to my beat (Right, left to my beat) High like the moon, rock with me, baby Know that I got that heat Let me show you 'cause talk is cheap (You know that talk is cheap) Side step, right, left to my beat Get it, let it roll  Smooth like (Butter), cool shade (Stunner) And you know we don't stop Hot like (Summer), ain't no (Bummer) You be like, oh my god We gon' make you rock and you say (Yeah) We gon' make you bounce and you say (Yeah) Hotter? Sweeter! Cooler? Butter!  Get it, let it roll"
ENHYPEN,Moonstruck,2024,hyperpop," Mm, yeah You got me moonstruck      ( )  let me take you (Take you)     ( )     (), baby Won't you let me in?  secret    Oh, woah   , you and I  behind the night        all night long, oh  Just the two of us (Us)  moonstruck (Moonstruck) Oh, you make me go crazy over you (You) You, baby Let me hold you close (Close)     ()   , crazy over you (You) You, baby   brown hair    fly   magic carpet ridin' Baby, now you're in my blood   , you and I             all night long, oh  Just the two of us (Us)   moonstruck (Moonstruck) Oh, you make me go crazy over you (You) You, baby Let me hold you close (Close)     ()   , crazy over you (You) You, baby We can take it slow (Slow)   moonstruck (Moonstruck) Oh, you make me go crazy over you (You) You, baby *Let me hold you close (Close)      , crazy over you (You) You, baby*  Oh, woah Crazy over you, baby You Ooh"
Jimin,Be Mine,2024,hyperpop," Movin', comin', lovin', yeah, yeah, yeah Movin', comin', lovin', yeah, yeah, yeah Movin', comin', lovin', yeah, yeah, yeah Movin', comin', lovin', yeah, yeah, yeah   island  party, yeah I know what you want, and Baby, I want the same Love 'til the morning, ah We just keep fallin', oh    DNA  Baby, come, baby, come Show me what Show me what love is, yeah, yeah       Lovers come and go In and out of my heart          I want you to be mine I want you to be mine I want you to be my  Movin', comin', lovin', yeah, yeah, yeah I want you to be mine Movin', comin', lovin', yeah, yeah, yeah I want you to be min Movin', comin', lovin', yeah, yeah, yeah I want you to b mine I want you to be mine I want you to be my  Don't need to worry Just follow my lead          Baby come, baby come Show me what Show me what love is, yeah, yeah       Lovers come and go In and out of my heart          I want you to be mine I want you to be mine I want you to be my  Movin', comin', lovin', yeah, yeah, yeah I want you to be mine Movin', comin', lovin', yeah, yeah, yeah I want you to be mine Movin', comin', lovin', yeah, yeah, yeah I want you to be mine I want you to be mine I want you to be my    dancing Take it slow           I want you to be mine I want you to be mine I want you to be my  Movin', comin', lovin', yeah, yeah, yeah I want you to be mine Movin', comin', lovin', yeah, yeah, yeah I want you to be mine Movin', comin', lovin', yeah, yeah, yeah I want you to be mine I want you to be mine I want you to be my  Movin', comin', lovin', yeah, yeah, yeah Movin', comin', lovin', yeah, yeah, yeah Movin', comin', lovin', yeah, yeah, yeah Movin', comin', lovin', yeah, yeah, yeah"
BTS,Spring Day,2017,hyperpop,"                ,          ,      , 8     ,         ,      ,   , friend     ,                      ( )   ( )           (  )   ( , ooh-ooh-ooh)                ,      (  )     (   )       ,  ?  ,  ?   ,     ,     ,  ,              ,                    ( )   ( )           (  )   ( , ah-ah-ah-ah, ah)  You know it all, you're my best friend                     ( , ah)   ( , ah-ah-ah)   ()       ( )   "" , yeah, eh-eh, yeah, yeah""                , "
TWICE,What is Love?,2018,hyperpop," TWICE What is love?           Mm,        ,    Mm,      Ooh,      ? (Ooh-ooh-ooh)  ?  ?  (I wanna know)   (I wanna know)     (I wanna know, know, know, know, what is love?)    (I wanna know)     (I wanna know)    (I wanna know, know, know, know, what is love?)    ?           Mm,             Mm,  ,     Ooh,      ? (Ooh-ooh-ooh)  ?  ?  (I wanna know)   (I wanna know)     (I wanna know, know, know, know, what is love?)    (I wanna know)     (I wanna know)    (I wanna know, know, know, know, what is love?)    ?                              ()   ,     (Ooh-ooh)  ,    , ready  ( ?)   ( ?)                  (I wanna know, know, know, know, what is love?)           (I wanna know, know, know, know, what is love?)    ?  I wanna know (Ooh; What is love?) I wanna know (I wanna know) I wanna know, know, know, know, what is love? I wanna know, I wanna know, what is love? I wanna know I wanna know I wanna know, know, know, know, what is love? I wanna know"
LISA,New Woman (feat. ROSALÍA),2024,hyperpop,"Tady jsem Bum na to, bum na to, chci tyhle stny zboit Bum na to, bum na to, chci se ozvat v chodbch Vyrm, erstv tv, nov den Uh, Lalisa, Rosala  Vstebvm Vechno nov Tak jsem se odznula Jdu, jdu, a ke koeni Odkvtm, jo  Fialov se mn ve zlatou Bolest pila a zase odela Prola jsem se tm ohnm Znova se hledm  Doshnu toho, kdy to dlm, dvko, radi uhni Zrychluju svou au-au-au-au-auru Soustedm se na svou mysl, dvm si na as Jsem nov ena, ena Dvko, radi uhni Zrychluju svou au-au-au-au-auru Soustedm se na svou mysl, dvm si na as Jsem nov ena, ena  Obliej, oi, tlo se zblzn Chce to? Jsem nov ena, ena Oi, zabrm ti celou mysl Chce to? Jsem nov ena, ena  (Uh, mh) Mu se chlubit vm, m jsem Ne za to, co mm, vdycky mi to dvaj A moje energie je neposkvrnn Nzk profil (A jsi pry) iju, abych zpvala, ale nezpvm, abych ila Narodila jsem se ist, ano Ani jedna ra mi v budoucnu nepropadne Dvko, jsem Rosala, vm jenom, jak to udlat dokonale Je ziv noc, tak se tm sta Nech to tak bt, a do svtn  Fialov se mn ve zlatou Bolest pila a zase odela Prola jsem se tm ohnm Znova se hledm  Jdu na to tvrd, urit to bude fungovat Zrychluju svoji au-au-au-au-auru Soustedm se, nic na m netla Jsem nov ena, ena Urit to bude fungovat Zrychluju svoji au-au-au-au-auru Soustedm se, nic na m netla Jsem nov ena, ena  Obliej, oi, tlo se zblzn Chce to? Jsem nov ena, ena Oi, zabrm ti celou mysl Chce to? Jsem nov ena, ena  Dej mi tu, dej mi tu alfu, jo Dej mi to, m vt, tm lep, ugh Krmm t kvtem, co mi roste v rukvu Polben r, r, jak, jak pochoutka Zelen se smlou, musm t zocelit Sna se ct, e trp, oh, neobviuj svou matku Povznes se nad to, osvobodm novu hranici Jsem nov ena"
ENHYPEN,FEVER,2021,hyperpop," Read More   Give me fever    ,    Breaking me in two,             What I gotta do,    , I cannot have it    ,    *   *   ,    ,   (Ah)          Like a fever, fever, fever, fever   ,            Like a fever, fever, fever   ,     Don't stop (Stop) , all day, all day  Please stop (Stop)  , , baby Oh, baby (Ooh)       (   )     ,   ( )  ,            Like a fever, fever, fever, fever   ,            Like a fever, fever, fever *  ,   *   (Oh)         (Ooh) Like a fver, fever, fver, fever (Fever)   ,    (I want you, fever)         (Ooh) Like a fever, fever, fever (I want it all)   ,   "
Stray Kids,I Like It,2024,hyperpop," Woo  Cops and robbers, chase each other, full of energy Pushing me further, pulling me closer, some sorta chemistry I think I'm addicted to the title ""you and me"" Don't ask, ""What are we?"" Ooh, ooh, I like it, baby                  vibe (Hey)                     Before we love, we love this feeling, babe 'Cause it's enough, enough, keep it this way Before we love, we love this feeling, babe Yeah, I love that I like you, but I don't wanna love Ooh, I like it, ooh, ooh, I like it, like it Ooh, I like it, ooh, ooh, I like it, like it Ooh, I like it, ooh, ooh, I like it, like it Love that I like you, yeah, yeah, yeah    just stay tuned           no reason  no thanks, so keep it   too deep          I want it  Still got so much to find out, we playing hide-and-seek Don't wanna end this game, hope it goes for eternity Let's not go official, we can keep the ""you and me"" Don't ask, ""What are we?"" Ooh, ooh, I like it, baby  Oh,   Oh,       Yeah, I love that I like you, but I don't wanna love  Before we love, we love this feeling, babe 'Cause it's enough, enough, keep it this way Before we love, we love this feeling, babe Yeah, I love that I like you, but I don't wanna love Ooh, I like it, ooh, ooh, I like it, like it Ooh, I like it, ooh, ooh, I like it, like it Ooh, I like it, ooh, ooh, I like it, like it Love that I like you, yeah, yeah, yeah  I like it, ooh, ooh, I like it, like it Ooh, I like it, ooh, ooh, I like it, like it Ooh, I like it, ooh, ooh, I like it, like it Ooh, I like it, ooh, ooh, I like it, like it"
KISS OF LIFE,Sticky,2024,hyperpop,"The songs style is very chill and trendy, and the groups vocals glide along the beat Read More   How long before we fall in love? (How long before we fall in love?) How long before we fall in love?  Here's a ticket, baby, wanna go out?  palm tree,   Don't be picky, yeah,   town  Feel like I'm hot stuff, you're my rockstar (Hear me now)  sweet and salty Margarita (Here on out)    driving Won't you navigate me?  How long before we fall in love?    I fly high (Eh, yeah) How long before we fall in love? Oh (Let me know, let me know),   ocean dive      Sticky, sticky, sticky, sticky Ay, ay (Ay)  Love got so poppin' flavor    new taste (Ay, ay, ay)  summer fever   (So hear me now)   drippin' Like gelato melting (Here on out)   darlin' Won't you navigate me?  How long before we fall in love?    I fly high (Eh, yeah) How long before we fall in love? Oh (Let me know, let me know),   ocean dive      Sticky, sticky, sticky, sticky Ay, ay (Ay)       I wanna keep on staying Know you'd make me fly away     kiss it So say, ""Yeah,"" hey  Sticky, sticky, sticky, sticky (Sticky, yeah, woah) And you're the one who's with it With it, with it, with me  Yeah,   like slo' mo-motion (Motion) I'd take you to the new world, so boy (New world)     there's no way    follow my lead (Ooh), let's get it, yeah (Woo)  How long before we fall in love?    go 'round, 'round (Eh, yeah) How long before we fall in love? Let me know, let me know I like it,  (Haha)  mm,   (Oh-oh-ooh) Sticky (Sticky), sticky, sticky (Uh), sticky (Uh) (Ay, ay, ay)"
ENHYPEN,Brought The Heat Back,2024,hyperpop," Yeah, I brought the heat back  , hotter, hotter  madness  stronger, stronger No, it ain't my fault, ain't my fault Ain't my fault,    ,     (Yeah, yeah, yeah) Heat (Yeah, yeah, yeah) Heat  (Yeah, yeah, yeah)     (Yeah, yeah, yeah)     (Yeah, yeah, yeah)     (Yeah, yeah, yeah) *  , , going crazy*  Don't test me  ,   I brought the heat back  , hotter, hotter  madness  stronger, stronger No, it ain't my fault, ain't my fault Ain't my fault,    ,     (Yeah, yeah, yeah) Heat (Yeah, yeah, yeah) Heat  (Yeah, yeah, yeah)     ? (Yeah, yeah, yeah)    ? (Yeah, yeah, yeah)   feeling  spinning,  , , yeah  Don't test me  ,   I brought the heat back  , hotter, hotter  madness  stronger, stronger No, it ain't my fault, ain't my fault Ain't my fault,    ,     (Yeah, yeah, yeah) Heat (Yeah, yeah, yeah) Heat (*Ooh, yeah*) (Yeah, yeah, yeah) Heat (*Oh*) (Yeah, yeah, yeah) Heat (*Hey, hey, hey, hey, woo*)  (Yeah, yeah, yeah, yeah-yeah, yeah, yeah, yeah)   (Yeah, yeah, yeah, yeah-yeah, yeah, yeah, yeah)     , , , , ,   I brought the heat back  , hotter, hotter  madness  stronger, stronger No, it ain't my fault, ain't my fault (It ain't my fault) Ain't my fault,    ,  (Oh)    Heat Heat (Oh; Yeah, yeah, yeah) Heat (Yeah, yeah, yeah) Heat     (Yeah, yeah, yeah)"
BABYMONSTER,BATTER UP,2023,hyperpop," Attention  I'm on a mission Don't need permission No matter what, I'm gonna make my own decisions I'm talkin' you You want it too      monster  Remember me (Me) Sting like a bee (Bee)    personality        I would never do you wrong You'll regret it when I'm gone  (You)        (You) Got a lot to say What a big mistake  Batter, batter, batter up Batter up, batter up, batter up Batter, batter, batter up Batter up, batter up, batter up Batter, batter, batter up  Yeah Hit it  , never can stop Rappin'    shot     loud Surprise, yo, monster        way    goin', goin', gone (Gone)      run, run, run, run   ,                 ? but look in th mirror    volume up, light 'em up       home run Lik a boss baby, I'ma boss, baby    like brrra  Remember me (Me) Sting like a bee (Bee)     MVP        I would never do you wrong You'll regret it when I'm gone  (You)        (You) Got a lot to say What a big mistake  Batter, batter, batter up Batter up, batter up, batter up Batter, batter, batter up Batter up, batter up, batter up (Batter, batter, batter up)  So listen up, everybody   move on ( move on) We are the monsters of the world Batter up,     () Let me show you who we are Batter up, up, up, up Everybody   move on ( move on) We are the monsters of the world Batter up,     () Let me show you who we are Batter, batter, batter up"
BLACKPINK,BOOMBAYAH,2016,hyperpop,"On August 5th, YG Entertainment released a promotional image that revealed the debut song title Read More   (Hot) BLACKPINK in your area (Hot) BLACKPINK in your area Been a bad girl, I know I am And I'm so hot, I need a fan I don't want a boy, I need a man  Click-clack, bada-bing, bada-boom                       Hands up,   bottle full o' Henny     , Jennie       Black to the Pink,   (Oh, yes)   , I wanna dance Like , ,   ,    ,      ()  ()   ( )     Boombayah Yah-yah-yah, boombayah Yah-yah-yah, boombayah, yah, yah, yah, yah Boom-boom-ba, boom-boom-ba ()  Yah, yah-yah, yah-yah-yah-yah, yah-yah-yah Yah, yah-yah, yah-yah-yah-yah, yah-yah-yah () Yah, yah-yah, yah-yah-yah-yah, yah-yah-yah Yah, yah-yah, yah-yah-yah-yah, boom-boom-ba, boombayah  (Hot) BLACKPINK in your area  Uh,  ,  ?     , man Middle finger up, F-U, pay me 90's baby, I pump up the jam    Lambo     gamble        I'ma go, brrr, Rambo        Front to my back,    (Oh, yes)  , I know you wanna touch (Like touch, touch, to-to-touch)   ,    ,      ()  ()  ()     Boombayah Yah-yah-yah, boombayah Yah-yah-yah, boombayah, yah, yah, yah, yah Boom-boom-ba, boom-boom-ba ()  Yah, yah-yah, yah-yah-yah-yah, yah-yah-yah Yah, yah-yah, yah-yah-yah-yah, yah-yah-yah () Yah, yah-yah, yah-yah-yah-yah, yah-yah-yah Yah, yah-yah, yah-yah-yah-yah, boom-boom-ba, boombayah                Let's go (Ooh-ooh) Let's go (Ooh-ooh)               Let's go (Ooh-ooh) Let's go (Ooh-ooh)"
KATSEYE,Debut,2024,hyperpop,"La, la-la La-la-la, la, la La, la-la La-la-la, la, la  I-I-I don't need no one-two-three, not Bourgeoisie, I'll step in Know just how to make a scene, just me, myself, my best friends Uh-huh, I like it, it's simple as that (That's right) Uh-huh, I like it, I keep coming back (Huh, uh) I don't need nobody, tryna tell me how to run it Found myself some baddies, 'bout to turn it to a hundred Uh-huh, they like it, it's simple as that (That's right) Uh-huh, they like it, they keep coming back  Oh, we-ee-ee ain't flexin', babe, we do what we do Wanna pull up on us? Check in at the gate and come through We can run it, run it, run it, no, this ain't a debut Love me once, I know you'll love me twic Love me once, th naughty turns to nice  La, la-la La-la-la, la, la (Ayy)  I don't need no cookie cutter, perfect ordinary (No) Can find me under ride or die inside that dictionary (Babe) Uh-huh, they like it, it's simple as that (That's right) Uh-huh, they like it, they keep coming back  Oh, we-ee-ee ain't flexin', babe, we do what we do Wanna pull up on us? Check in at the gate and come through We can run it, run it, run it, no, this ain't a debut Love me once, I know you'll love me twice Love me once, the naughty turns to nice Oh, we-ee-ee ain't flexin', babe, we do what we do Wanna pull up on us? Check in at the gate and come through We can run it, run it, run it, no, this ain't a debut Love me once, I know you'll love me twice Love me once, the naughty turns to nice  La, la-la La-la-la, la, la La, la-la La, love me once, I know you'll love me twice La, la-la La-la-la, la, la Love me once, I know you'll love me twice Love me once, it's time to roll the dice"
ILLIT,Lucky Girl Syndrome,2024,hyperpop,"     playlist  selfie I say I'm lucky  chocolate  so sweet   Lucky girl syndrome, oh  I don't need, I don't need, I don't need  golden ticket All I need, all I need, all I need     Finally, finally, finally       (Mwah!)  Yeah, luck Yeah, I'm a lucky girl Yeah, you're a lucky girl Yeah, we're so lucky Luck, luck, luck, luck Luck   luck   lucky girl   lucky girl, girl, girl, girl   breakfast  best choice  crossroad  green light      hashtag #lucky_girl_syndrome, oh        I believe, I believe, I believe    Finally, finally, finally   ? (Why?) Together you and me  Yeah, luck Yeah, I'm a lucky girl Yeah, you're a lucky girl Yeah, we're so lucky Luck, luck, luck, luck Luck,   luck   lucky girl   lucky girl, girl, girl, girl  Oh, my girl   say That's my girl Lucky girl syndrome Oh, my girl   say That's my girl Lucky girl syndrome  Yeah, I'm a lucky girl"
BTS,Permission to Dance,2021,hyperpop,"It's the thought of being young When your heart's just like a drum Beating louder with no way to guard it When it all seems like it's wrong Just sing along to Elton John And to that feeling, we're just getting started  When the nights get colder And the rhythms got you falling behind Just dream about that moment When you look yourself right in the eye, eye, eye Then you say  I wanna dance The music's got me going Ain't nothing that can stop how we move, yeah Let's break our plans And live just like we're golden And roll in like we're dancing fools  We don't need to worry 'Cause when we fall, we know how to land Don't need to talk the talk, just walk the walk tonight 'Cause we don't need permission to dance  There's always something that's standing in the way But if you don't let it faze ya You'll know just how to break Just keep the right vibe, yeah 'Cause there's no looking back There ain't no one to prove We don't got this on lock (Yeah)  The wait is over The time is now so let's do it right, mm (Yeah) Yeah, we'll keep going And stay up until we see the sunri-i-ise (Yeah) And we'll say  I wanna dance The music's got me going Ain't nothing that can stop how we move, yeah Let's break our plans And live just like we're golden And roll in like we're dancing fools  We don't need to worry 'Cause when we fall, we know how to land Don't need to talk the talk, just walk the walk tonight 'Cause we don't need permission to dance  Da-na-na-na-na-na-na Da-na-na-na-na-na-na Da-na-na-na-na-na-na No, we don't need permission to dance Da-na-na-na-na-na-na (Hey) Da-na-na-na-na-na-na Da-na-na-na-na-na-na  Well, let me show ya That we can keep the fire alive, mm 'Cause it's not over 'Til it's over, say it one more time Say  I wanna dance The music's got me going (Music's got me going) Ain't nothing that can stop how we move, yeah (Hey, yeah) Let's break our plans And live just like we're golden (Ooh) And roll in like we're dancing fools (Like we're dancing fools)  We don't need to worry 'Cause when we fall, we know how to land (We know how to land) Don't need to talk the talk, just walk the walk tonight (Ooh) 'Cause we don't need permission to dance"
ENHYPEN,Sweet Venom,2023,hyperpop," Yeah Oh-oh  Hey,    something     poison in my blood veins   , now I'm  Dying in your arms Feeling like on a cloud    Taste of your  Sweet-ee-eet venom-nom-nom Yeah, all I need-ee-eed is your poison (Is your poison)    So alive,   Sweet-ee-eet, ee-ee-ee-eet (Sweet venom)  Sweet-ee-ee-eet, ee-ee-ee-eet (Sweet venom) Sweet-ee-ee-eet, ee-ee-ee-eet (Sweet venom)  Woah,             ,     , now I'm  Dying in your arms (Ooh) Feeling like on a cloud (Cloud)    Taste of your (  )  Sweet-ee-eet venom-nom-nom Yeah, all I need-ee-eed is your poison (Is your poison)    So alive,   Sweet-ee-eet, ee-ee-ee-eet (Sweet venom)  Sweet venom (Ooh) Sweet venom (Oh)     right now    taste of your  Sweet-ee-eet venom-nom-nom Yeah, all I need-ee-eed is your poison (All I need is your poison)    So alive,   Sweet-ee-eet, ee-ee-ee-eet (Sweet venom)  Sweet-ee-ee-eet, ee-ee-ee-eet (Sweet venom) Sweet-ee-ee-eet, ee-ee-ee-eet (Sweet venom)  Sweet-ee-ee-eet, ee-ee-ee-eet (Venom)"
IVE,I AM,2023,hyperpop,"             , mm-mm           I'm on my way-ay-ay     I'm on my way-ay-ay      dreams come true     dj vu    view I'll be far away  That's my life is  galaxy Be a writer,  fantasy     big, big stage So that is who I am  Look at me, look at me, look at me now          I'm in sky high, oh, my God      Uh, look at me now, look at me now I'm on fire  I'm on my way-ay-ay     I'm on my way-ay-ay      dreams come true     dj vu    view I'll be far away  That's my life is  galaxy Be a writer,  fantasy     big, big stage So that is who I am              One, two, three, one, two, three, one, two, three Fly up  I hope you'd be someone's dreams come true     dj vu    view I'll be far away  That's my life is  galaxy Be a writer,  fantasy     big, big stage So that is who I am"
LE SSERAFIM,1-800-hot-n-fun,2024,hyperpop,"The dance-pop track was met with Read More  Really, I'm honestly just sad about my shoes Yeah  I like to dance when I party I like to kiss everybody Where the heck is Saki? She's waiting down in the lobby I'm tryna break it down, yeah, baby, get her Turn up the party I like to dance when I party I like to kiss everybody Where the heck is Saki? She's waiting down in the lobby I'm tryna break it down, yeah, baby, get her Turn up the party  Run it back, yeah, I like this track (Yeah), drop it, drop a bag Louis V bag 'round my neck, ooh yah, 'cause I'm so classy (Woo) I still break it down though, I bet you can't gt past me Hot babe, sweet angel, I'm so cute, I'm so nerdy, so sassy  Oh, shit, oh, my God DJ play my favorite song Raise the roof, let the dogs out Play something by Beyonc I'm not tryna leave Until they kick us to the road But if they do, it's cool though Got an address in my phone  I like to dance when I party I like to kiss everybody *Where the heck is Saki?* She's waiting down in the lobby I'm tryna break it down, yeah, baby, get her Turn up the party I like to dance when I party I like to kiss everybody Where the heck is Saki? She's waiting down in the lobby I'm tryna break it down, yeah, baby, get her Turn up the party  1-800-hot-n-fun That's my number, hit my line 1-800-hot-n-fun Hear my ringtone every time *1-1-800-hot-n-fun* That's my number, hit my line 1-1-1-800-hot-n-fun *Hear my ringtone every time*  Oh, shit, oh, my God DJ play my favorite song Raise the roof, let the dogs out Play something by Beyonc I'm not tryna leave Until they kick us to the road But if they do, it's cool though Got an address in my phone  I like to dance when I party I like to kiss everybody Where the heck is Saki? She's waiting down in the lobby I'm tryna break it down, yeah, baby, get her Turn up the party I like to dance when I party I like to kiss everybody Where the heck is Saki? She's waiting down in the lobby I'm tryna break it down, yeah, baby, get her Turn up the party  1-800-hot-n-fun That's my number, hit my line 1-800-hot-n-fun Hear my ringtone every time 1-800-hot-n-fun *That's my number, hit my line* 1-800-hot-n-fun Hear my ringtone every time"
Stray Kids,S-Class,2023,hyperpop,"Different from Read More    Seoul          (, , , )          Clean it up, clean it up, get back      Kick it, kick it, kick it  Swerving I'm speeding on Serpent Road Luxurious like I'm an S-Class Best of the best on first class I'm up above the world, so high I'll be there shining day and night They wonder how my spotlight is so bright  Counting stars          (That's me)         my work (Bling, bling, everyday)       class          star                              , no, no           , shine like a diamond, 'kay?  Swerving I'm speeding on Serpent Road Luxurious like I'm an S-Class Best of the best on first class I'm up above the world, so high I'll be there shining day and night They wonder how my spotlight is so bright  Counting stars          (That's me)         my work (Bling, bling, everyday)       class          star  I feel like the brightst star         , yeah, yeah      stay, yeah       , w're special, yeah  Stray Kids,     Stage                   Limited edition,                       Counting stars,  (Counting stars, ) Feeling extra (Bling, bling, everyday)       class          star"
aespa,Supernova,2024,hyperpop," I'm like some kind of supernova Watch out  Look at me go     core So ho-o-ot, ho-o-o-ot       discord      (Incoming; Drop)   , ah, oh, ayy  , ah, oh, ayy That tick, that tick, tick bomb That tick, that tick, tick bomb          Su-su-su-supernova  Nova Can't stop hyperstellar    Bring the light of a dying star      Supernova  Ah, body bang (Bang, bang, bang, bang, bang, bang) Make it feel too right   , it's so special  queen  scene       explosion      (Under my control, ah)   , ah, oh, ayy   , oh, ayy    (Huh) Su-su-su-supernova  Nova Can't stop hyperstellar    Bring the light of a dying star      Supernova                It's about to bang, bang Don't forget my name  Su-su-su-supernova  , ah, oh, ayy  , ah, oh, ayy  , ah, oh, ayy   , oh, ayy  , ah, oh, ayy  , ah, oh, ayy Tell me, tell me, tell me, oh, ayy   , oh, ayy   , oh, ayy  Nova (Nova) Can't stop hyperstellar (Hyperstellar)    Bring the light of a dying star (Light of a dying star)      (All the way) Supernova (Hey-huh)    ah, oh, ayy (Nu star)   ah, oh, ayy   ah, oh, ayy (Nova)    oh, ayy   ah, oh, ayy (Yeah-yeah-yeah-yeah-nova)   ah, oh, ayy (Nova)   ah, oh, ayy (Bring th light of a dying star)  Supernova"
TOMORROW X TOGETHER,Deja Vu,2024,hyperpop," Yeah,  ,          morse code,  promise, promise      anemoia *You and I*,    * *                answer    Say my name        dj vu   dj vu Say it (Say it), say it (Say it) Say it, say it louder               my clarity    Oh,     all I need      place of promise             answer    (Oh) Say my name       (No; )  dj vu   dj vu Say it (Say it), say it (Say it) Say it, say it louder   (, yeah)    (Yeah)    ()   (Oh-oh)       (Oh-oh)  dj vu   dj vu () Say it (Say it), say it (Say it) Say it, say it louder (Say it louder)"
TWICE,FANCY,2019,hyperpop,"The song is a mellow mood pop dance song that tells TWICEs musical changes with a color concept that is distinctly Read More       tropical, yeah        Oh, tell me I'm the only one, babe I fancy you, I fancy you, fancy you (TWICE!) It's dangerous              take my hand     baby         so lovely                 , I fancy you    Hey, I love you (Love ya!) , , I fancy you    'Cause I need you (What?)  Fancy you, ooh     Fancy you, ooh    Fancy, ooh       Oh my, Mayday      Bang-bang,           S.O.S Swim, swim,      birthday,    fantasy Dream, dream,         , baby         so lovely                 , I fancy you    Hey, I love you (Love ya!) , , I fancy you    'Cause I need you (What?)  Fancy you, ooh     Fancy you, ooh    Fancy, ooh                      , I fancy you (Fancy you)    (Woah, woah, woah) Hey, I love you (Love ya!) , , I fancy you    'Cause I need you (What?)  Fancy you, ooh     Fancy you, ooh    Fancy, ooh"
BTS,Blood Sweat & Tears,2016,hyperpop,"I've been waiting all my life I've been spending all my nights Contemplating all my trails Oh my God, this' not overnight I've been giving all my soul I've been chasing all my goals Dedication all I know That's how hard I go  Blood, sweat and my tears, no, I will not surrender If you take my lead then we can fly together Heaven never seem to reach, it's now or never We got what we need but we don't got forever (Mm-mm)  Oh, oh, oh-way-oh Oh, oh, oh-way-oh Oh, oh, oh-way-oh I've been waiting all my life Oh, oh, oh-way-oh Oh, oh, oh-way-oh Oh, oh, oh-way-oh I've been waiting all my life Oh, oh, oh-way-oh Oh, oh, oh-way-oh Oh, oh, oh-way-oh I've been waiting all my life Oh, oh, oh-way-oh Oh, oh, oh-way-oh Oh, oh, oh-way-oh I've been waiting all my life  Go back, couldn't stop me Sam Dede I dey fast lane mo f'er ge Who tell you say k  e? eb'oluwa lo n bamie o Eleda mi o ni sun Awon alabosi n soro lyin o As I dey grind k'owope As you dey grind k'owope  Blood, sweat and my tears, no, I will not surrender If you take my lead then we can fly together Heaven never seem to reach, it's now or never We got what we need but we don't got forever (Mm-mm)  Oh, oh, oh-way-oh Oh, oh, oh-way-oh Oh, oh, oh-way-oh I've been waiting all my life Oh, oh, oh-way-oh Oh, oh, oh-way-oh Oh, oh, oh-way-oh I've been waiting all my life Oh, oh, oh-way-oh Oh, oh, oh-way-oh Oh, oh, oh-way-oh I've been waiting all my life Oh, oh, oh-way-oh Oh, oh, oh-way-oh Oh, oh, oh-way-oh I've been waiting all my life  Way, way-ayy, way, yeah Away, way, away, away  We know what you doing We dey see how you moving I know they try to beat me I dey live like a movie One of them tried to stop me (stop) Oh, you see how I'm moving Look him in his eyes a   Oh, oh, oh-way-oh Oh, oh, oh-way-oh Oh, oh, oh-way-oh I've been waiting all my life Oh, oh, oh-way-oh Oh, oh, oh-way-oh Oh, oh, oh-way-oh I've been waiting all my life Oh, oh, oh-way-oh Oh, oh, oh-way-oh Oh, oh, oh-way-oh I've been waiting all my life Oh, oh, oh-way-oh Oh, oh, oh-way-oh Oh, oh, oh-way-oh I've been waiting all my life"
NewJeans,Bubble Gum,2024,hyperpop," You just get my heart pump, pumping Everytime that you're here around me    , yeah (Yeah)     I'm always so excited to meet you     , yeah (  yeah)    ,   You're so delicate  ,  Uh-uh-uh Oh, you make my heart melt away You're a softie      , you got me Oh, oh-oh, oh        Have you right here in a basket  Oh, my baby, sweet like bubble gum Bouncin' like playin' ball    We're gonna fly away Sweet like bubble yum So smooth, soft like a hug    Let's go far away  You're my favorite flavor Bubble gum Bubble, bubble, bubble, bubble, bubble, bubble Bubble, bubble, bubble gum     Like I got nothing better to do     , yeah (Yeah)     (Oh-oh) All I know is I need this feeling (Oh-oh)     , yeah (Ooh, oh)     ()   () You're so delicate    Uh-uh-uh Oh, you make my heart melt away You're a softie       You got me, oh-oh  Sweet like bubble gum Bouncin' like playin' ball    We're gonna fly away Sweet like bubble yum So smooth, soft like a hug    Let's go far away       You're so delicate    Uh-uh-uh Oh, you make my heart melt away You're a softie       You got me, oh-oh         Have you right here in a basket Oh, my baby, sweet like bubble gum        Have you right here in a basket Oh, my baby, sweet like bubble gum"
ENHYPEN,Polaroid Love,2022,hyperpop,"Polaroid Love was unveiled for the first time very surprisinglylive in the encore Read More   It's like a polaroid love             (Yo)                     when you call my name       It's like a polaroid love             It's like a polaroid love      filter  But I love that vibe *(Yeah, yeah, yeah, yeah)*                       when you call my name       It's like a polaroid love             It's like a polaroid love      filter  But I love that vibe *(Yeah, yeah, yeah, yeah)*  Polaroid love    Polaroid love I love that vibe    when you call my name       It's like a polaroid love             It's like a polaroid love      filter  But I love that vibe *(Yeah, yeah, yeah, yeah)*"
BTS,Euphoria,2018,hyperpop,"The track Read More                              a priori                      Take my hands now You are the cause of my euphoria  Euphoria Take my hands now You are the cause of my euphoria  Oh yeah, yeah, yeah, yeah, yeah, yeah (Oh) Oh yeah, yeah, yeah, yeah, yeah, yeah (Euphoria) Oh yeah, yeah, yeah, yeah, yeah, yeah Close the door now When I'm with you, I'm in utopia                    Won't you please stay in dreams, yeah?             Take my hands now You are the cause of my euphoria  Oh, yeah, yeah, yeah, yeah, yeah, yeah Euphoria Take my hands now You are the cause of my euphoria                             (   )    Take my hands now You are the cause of my euphoria  Yeah, yeah, yeah, yeah Euphoria (Euphoria, oh) Take my hands now You are the cause of my euphoria  Oh yeah, yeah, yeah, yeah, yeah, yeah (Yeah, yeah, yeah, yeah) Oh yeah, yeah, yeah, yeah, yeah, yeah (Oh, euphoria) Oh yeah, yeah, yeah, yeah, yeah, yeah Close the door now When I'm with you, I'm in utopia"
Jimin,Slow Dance (feat. Sofia Carson),2024,hyperpop,"I just wanna slow dance Baby you can take my hand Seodureuji ma geujeo uri temporeul neukkyeo Neowa namanui favorite song Slow dance Igeon majimak romance Eonjekkajina neoui soneul nochi aneulge Hamkke bureuneun favorite song  Like ""Cheek to Cheek"" I feel your heartbeat on mine Ttaseuhan mellodi mm Geu rideume matchwo relax your mind Nado moreuneun geu saie Eoneusae neoui misoman Gadeuk chan na mam Sumgil su eopjana  So come on Come on a littl closer Nae mamui byeoreun ojik neoya Ojik neoya  I just wanna slow dance Baby you can take my hand Seodureuji ma geujeo uri temporeul neukkyeo Neowa namanui favorite song Slow dance Igeon majimak romance Eonjekkajina neoui soneul nochi aneulge Hamkke bureuneun favorite song  Don't wanna rush No, let's take it slow yeah Mm love, let me get to know ya Fallin' for you at the speed of light Wait up, give it time Baby, it's you and me Got something so real Oh my, oh my Movin' closer through the night Feel like we could touch the sky  These couple hours, couple hours all we got So take my hand because we can't get enough What ya say, what ya say, baby? Come on, come on, come on, come on  Slow dance (Slow dance) Got me cancelin my plans (My plans) Oh, give into the tempo of our favorite song Don't let go, keep movin' along Slow dance We're caught up in a romance (Romance) Oh, give into the tempo of our favorite song In this moment's where we belong Baby, we could slow dance (Slow dance) Got me cancelin' my plans (My plans) Oh, give into the tempo of our favorite song Don't let go, keep movin' along Slow dance (Slow dance) We're caught up in a romance (Romance) Oh, give into the tempo of our favorite song In this moment's where we belong"
Jung Kook,Never Let Go,2024,hyperpop,"In this heartfelt song, Jungkook expresses the love and appreciation he Read More  (Outtatown, we never out of money) (star boy, you're my hero)  Oh, every day, I wonder if this all is just a dream Everything falls into place 'cause you're right here with me Without your love, I'm nothing You mean more than you know And words escape me whenever you're close I tried to put it into words but it don't measure up My pen and paper could never do quite enough It's the truth, it's the truth We got something real nothing could brak  And when the days get longr You fill my world with wonder Everybody needs somebody You been that somebody So stay with me and keep holding on  Never let go, go, go, go, go, go Never let go, go, go, go, go Never let go, go, go, go, go Never let go, go, go, go, go Never let go, go, go, go Never let go, go, go, go Never let go, go, go, go Never let go, go, go, go Never let go, go, go, go Never let go, go, go, go Never let go  Every town I'm in, you're the one I'm with With me from the start Always the best part of my day Being who you are, being who you are in the dark You were the light that led me to you I'm grateful (For you) It's simple (With you) I'll never (Leave you) I'm better (With you) It's too good (With you) It's my turn to give back for all that you do  And when the days get longer You fill my world with wonder Everybody needs somebody You been that somebody So stay with me and keep holding on  Never let go, go, go, go, go, go (Oh) Never let go, go, go, go, go Never let go, go, go, go, go (Oh) Never let go, go, go, go, go Never let go, go, go, go Never let go, go, go, go (Oh) Never let go, go, go, go Never let go, go, go, go Never let go, go, go, go Never let go, go, go, go Never let go Never let go"
LE SSERAFIM,"Eve, Psyche & The Bluebeard’s wife",2023,hyperpop," I'm a mess, mess, mess, mess, mess, mess, mess I'm a mess, mess, mess, mess, mess, mess, mess I'm a mess in distress but we're still the best dressed Fearless, say yes, we don't dress to impress                          , yeah     Never hold back    Boom, boom, boom    Get it like boom-boom-boom Get it like boom-boom-boom (Boom-boom, now) Boom, boom, boom    Get it like boom-boom-boom Get it like boom-boom-boom  (Push it) I wish for what's forbidden Get it like boom-boom-boom Get it like boom-boom-boom (Push it) I wish for what's forbidden Get it like boom-boom-boom Get it like boom-boom-boom  I'm a mess, mess, mess, mess, mess, mess, mess I'm a mess, mess, mess, mess, mess, mess, mess I'm a mess in distress but we're still the best dressed Fearless, say yes, we don't dress to impress                            , yeah   Take it on the chain, I know I like that  Boom, boom, boom    Get it like boom-boom-boom Get it like boom-boom-boom (Boom-boom, now) Boom, boom, boom    Get it like boom-boom-boom Get it like boom-boom-boom  (Push it) I wish for what's forbidden Get it like boom-boom-boom Get it like boom-boom-boom (Push it) I wish for what's forbidden Get it like boom-boom-boom Get it like boom-boom-boom (Oh-oh)  What you waiting for?   we fall, fall, fall What you looking for?  now we fall, we fall, we fall  Boom, boom, boom    Get it like boom-boom-boom Get it like boom-boom-boom (Boom-boom, now) Boom, boom, boom    Get it like boom-boom-boom Get it like boom-boom-boom  Girl wanna have fun (Girl) Girl wanna have fun (Girl) Get it like boom-boom-boom Get it like boom-boom-boom Girl wanna have fun (Girl) Girl wanna have fun (Girl) Get it like boom-boom-boom Get it like boom-boom-boom"
Jung Kook,Please Don't Change (feat. DJ Snake),2023,hyperpop,"Lendurance dune vie rapide Nul part o se cacher sur un satellite Vie en camra  Mme si tes toiles salignent et que tu es  des annes lumires Je serai le mme Je serai le mme Dis moi, si mes toiles salignent et que je suis  des annes lumires Feras tu de mme ?  Pourrais-tu, pourrais-tu sil t plat ? Sil te plat, ne change pas Sil t plat, sil te plat ne change pas Parce que je taime, oui, je taime Oh, je taime, jaime comme tu es Sil te plat, sil te plat ne change pas  Vie hors camra Esprit devenu voyageur Plus de signal sur un portable Les vies hors camra  Mme si tes toiles salignent et que tu es  des annes lumires Je serai le mme Je serai le mme Dis moi, si mes toiles se entrent en collision et que je suis  des annes lumires Feras tu de mme ?  Pourrais-tu, pourrais-tu sil te plat ? Sil te plat, ne change pas Sil te plat, sil te plat ne change pas Parce que je taime, oui, je taime Oh, je taime, jaime comme tu es Sil te plat, sil te plat ne change"
aespa,Armageddon,2024,hyperpop," Armageddon Shoot I'ma get 'em Shoot  Watch, uh (Hey), I'ma bite back, uh    , uh    , it's bad  feedback,  code black, huh ,         , I got it, I got it   , killing like  Bang, chitty, bang, bang, chitty, bang, bang 'Cause I wanna see, I wanna see truly Bang, chitty, bang, bang, chitty, bang, bang  ,   I'ma get it done (Oh-ayy-oh-ayy-oh)   , get it, gone (Oh-ayy-oh-ayy-oh)   , better run    , you gonna, gonna (Uh)   done (Go way up, way up) Full shot, pull it up, Armageddon  I'ma get 'em Shoot I'ma get 'em (Pew, pew, pew)  Hey, ya (Yeah)    (Ah, ah)    (Oh) We never play nice (Shoot) Uh,  pair,   soul Three to get ready,  shoot and go      way, yeah, yeah  Bang, chitty, bang, bang, chitty, bang, bang Yes, I'm gonna see, I'm gonna see, want it Bang, chitty, bang, bang, chitty, bang, bang  ,   I'ma get it done (Oh-ayy-oh-ayy-oh)   , get it, gone (Oh-ayy-oh-ayy-oh)   , better run    , you gonna, gonna (Uh)   done (Go way up, way up) Full shot, pull it up, Armageddon  I'ma get 'em         story    (Armageddon)    ""complete""    , do it all myself   , ooh (Drop)  Throw it back, throw it back, throw it back Born like a queen, born like a king, yeah (Ah-ah) Throw it back, throw it back, throw it back (Uh-huh)   I'ma get 'em done (Done, yeah) (Oh-ayy-oh-ayy-oh; Uh)   , get it, gone (, get it, gone) (Oh-ayy-oh-ayy-oh)   , better run (Better run)    , you gonna, gonna (Yeah)   done (  done; Go way up, way up) Full shot, pull it up, Armageddon (Pull it up, Armageddon)  Armageddon (Wah) Oh-ayy-oh-ayy-oh-ayy-oh, warning all night long Armageddon (Wah, wah) Oh-ayy-oh-ayy-oh   Armageddon"
Jin,The Astronaut,2022,hyperpop,"Lyrically, the song sees the Jin comparing his Read More   You and me   history Oh,                     dream   story  When I'm with you There is no one else I get heaven to myself When I'm with you There is no one else I feel this way I've never felt  You and me                              When I'm with you There is no one else I get heaven to myself When I'm with you There is no one else I feel this way I never felt  I feel this way I never felt Oh-oh-oh-oh-oh-oh-oh  When I'm with you There is no one else I get heaven to myself When I'm with you There is no one else A life, a sparkle in your eyes Heaven comin' through  And I love you And I love you Oh-oh-oh-oh-oh-oh-oh"
wave to earth,light,2019,hyperpop,"You always wanted to see the moonlight And I, I just wanted to see your smile  There is a light not far away from us, from us The light will shine with the clouds We're gonna fly up into the blue sky So slowly And we held the moon in our arms You always had me You're always shining  I've seen a wonderful sight With a bright glow You are my sea, you are my sunshine The star, the moon  There is a light not far away from us, from us The light will shine with the clouds We're gonna fly up into the blue sky So slowly And we held the moon in our arms You always had me You're always shining"
BTS,IDOL,2018,hyperpop,"By combining traditional Korean musical elements, including janggu with modern Read More   You can call me artist (Artist) You can call me idol (Idol)      () I don't care I'm proud of it (Proud of it)   No more irony (Irony)       (Oh, yeah-yeah-yeah),        (Woah)      I know what I am (I know what I am), I know what I want (I know what I want) I never gon' change (I never gon' change), I never gon' trade (Trade off, ooh-ooh)      (Talkin', talkin', talkin') I do what I do,     (Nah, nah) You can't stop me lovin' myself  (Hoo, hoo)   You can't stop me lovin' myself (Hoo, hoo)   You can't stop me lovin' myself  Oh, oh, woah (Hey) Oh, oh, woah-woah Oh, oh, woah   () Oh, oh, woah (Hey) Oh, oh, woah-woah Oh, oh, woah   ()  FACE OFF,  , ayy Top star with that spotlight, ayy      Anpanman Woah,   ,   (Woah) I do my thang (I do my thang) I love myself  I love myself (I love myself) I love my fans, love my dance and my what   ( )                   Runnin' man, runnin' man, runnin' man, run      (Talkin', talkin', talkin') I do what I do,     You can't stop me lovin' myself  (Hoo, hoo)   You can't stop me lovin' myself (Hoo, hoo)   You can't stop me lovin' myself  Oh, oh, woah (Hey) Oh, oh, woah-woah Oh, oh, woah   () Oh, oh, woah (Hey) Oh, oh, woah-woah Oh, oh, woah   ()  I'm so fine wherever I go (Go, go, go, go)   , oh It's okay, I'm in love with my-my myself It's okay,      (Hoo, hoo)   You can't stop me lovin' myself (Hoo, hoo)   You can't stop me lovin' myself  Oh, oh, woah (Hey) Oh, oh, woah-woah Oh, oh, woah   () Oh, oh, woah (Hey) Oh, oh, woah-woah Oh, oh, woah   ()"
XG,LEFT RIGHT,2023,hyperpop,"I got what you want, I got what you need (Uh-huh) Mobbin' like we don't follow anything (Oh) Left, right, get it on the floor I wanna see you left, right get in my zone, ha Then we hit the slide ready for the swing (Uh-huh) We don't want no opps, want no drama queen (Oh) Left, right, everywhere we go We pull up from the left, right, postin' up slow  I'm on one, got drip Whip the ride, I'm switchin' lanes like this Spinnin' out, then flip Cruisin' down like we be on a trip  Boy, just follow my flow, don't matter where we go (Oh, ah) Oh, the only direction I know  Want your body swervin' left, right, left, right I want your body movin' left, right, left, right You keep me up, my heart is beatin' up and down Spinnin' 'round and 'round ('Round and 'round) Just like my Pirellis burnin' on the ground If you're down with me, then let's ride, let's ride Can't nobody stop it, that's right, that's right And my adrenaline is racin' up and down Spinnin' 'round and 'round ('Round and 'round) Hit the pedal to the ground, listen to the sound Listen to the sound  Now we onto somethin' Drop the fit, we killed it (Oh) Don't we all deserve it? I'll tell you how we want it, oh Left, right, you been here before So do it 'til you get right, get it one more No, you can't deny it ('Ny it) Baby, don't you hide it (Don't hide it) If I like it, I'll bite it (Bite it) So just tell me if you are worth it Worth it, really wanna know (Worth it) I'll flip it and reverse it, sing it real low  Hold up, hold up We goin' out, mixin' up these rides Don't ask me if you don't know why I hit the switch, hear the noise inside Baby, say no more (Say no more)  Boy, just follow my flow, don't matter where we go (Oh, ah) Oh, the only direction I know  Want your body swervin' left, right, left, right I want your body movin' left, right, left, right You keep me up, my heart is beatin' up and down Spinnin' 'round and 'round ('Round and 'round) Just like my Pirellis burnin' on the ground If you're down with me, then let's ride, let's ride Can't nobody stop it, that's right, that's right And my adrenaline is racin' up and down Spinnin' 'round and 'round ('Round and 'round) Hit the pedal to the ground, listen to the sound Listen to the sound  This is the right time, so come get it You know that I'll be there for you Down, down, if you're down, down (Baby, are you) Down, down, are you down, down? (Ah) Let me take you to the other side *XG we certified* Alpha, Alpha, we gon' ride or die *Into the galaxy, know the vibes* (Ah, yeah) **Down, down, if you're down, down** (Tell me if you're down) **Down, down, are you down, down?**  Want your body swervin' left, right, left, right (Woah, yeah, yeah) I want your body movin' left, right, left, right (Movin' left and right) You keep me up, my heart is beatin' up and down Spinnin' 'round and 'round ('Round and 'round, woah) Just like my Pirellis burnin' on the ground If you're down with me, then let's ride, let's ride (If you're down, down with me) Can't nobody stop it, that's right, that's right (Can't nobody, yeah) And my adrenaline is racin' up and down (Yeah) Spinnin' 'round and 'round ('Round and 'round) Hit the pedal to the ground, listen to the sound Listen to the sound  Left, right, left, right (Yeah, yeah) Left, right, left, right"
Stray Kids,MEGAVERSE,2023,hyperpop," Un, deux, trois Run along with the gods, jumping between every verse The multiverse ain't ready for our universe (Jump, force) First, second, third, fourth wall We're breakin' them all, unbeatable score Our composition brings the competition But we've already won in this megaverse          Pop, pop, pop,      Popstar, festa,                        Speechless, wordless I don't need your kindness          (, )             Welcome to the Stray Kids Hot Megaverse (Hoo) Stray Kids (Hoo) Welcome to the Stray Kids Hot Megaverse  Mic       atlas      song form, megaverse      , Megatron    megaphone (Woah)    hooligans   out of the way     *We make the rules, nobody can hold me, yeah*             chapter   my word, power , high,   random, ayy      , ayy Now       top?  Speechless, wordless        You know we're getting fearless, reckless       Hey,     feel      Every time we move The universe will follow  Welcome to the Stray Kids Hot Megaverse (Hoo) Stray Kids (Hoo) Welcome to the Stray Kids Hot Megaverse     you better run      megaton      Stray Kids  (Hoo)  This our megaverse, big bang, your body shakes (Stray Kids everywhere all around the world) 'Cause we making bangers, yeah, yeah (Stray Kids everywhere all around the world) This our megaverse, big bang, everything shakes (Stray Kids everywhere all around the world) Welcome to the Stray Kids Hot Megaverse"
Jack Harlow,WHATS POPPIN,2020,hyperpop,"What's poppin'? (Pooh, you a fool for this one) Brand new whip, just hopped in (Just hopped in) I got options (Oh Lord, Jetson made another one) I could pass that bitch like Stockton (It ain't nothin') Just joshin' I'ma spend this holiday locked in (Ooh) My body got rid of them toxins (Mmh, mmh) SportsCenter, top ten  I could put the ball in the end zone Put a bad bitch in the friendzone, ooh This shit sound like an intro Jetson, give me that tempo, ooh Told Pooh he a fool with this shit (He a fool) Told her don't let her friends know (Don't) In the 'Ville and I move like a don (Don) Eating fettuccine at Vincenzo's Me and my 'migos got that free smoke On the West Coast, yeah, I'm talking 'bout pre-rolls (Pre-roll) Dark haired bitch and she look like Shego (She do) Hometown hero, feeling myself, can't murder my ego (Can't do it) She heard of my deep stroke She said, ""Babe, does it hurt when I deep throat?"" (It does) Certified freak ho Hang around us and she learnin' my lingo Back then, wasn't worried 'bout me though In the gym tryna work on my free throw Goddamn (Goddamn) Spending money at the club like Sam's (Cha-ching) Yes, ma'am She a lil' freak on cam (Facts) But she don't put this on the 'Gram (Nah) Lil' boys tryna diss on the 'Gram (Ayy) I can't switch on the fam (Bitch) Shit's hot, hit the switch on the fan (Hit that shit) This where my head is (Listen) I feel resentment from every direction Even some homies be wearing expressions I be discouraged from sharing my blessings (Damn) We used to share a connection Now it just feels like it's wearing and stretching I'm getting real sick of taking advice From people that never could stare at reflections (Ooh) Somewhere in there is a lesson Y'all ain't evolvin', it's very depressing I'm at the club with the basketball team Me and the Cardinals are sharing a section (Facts) Gotta cherish the present I'm drinking water and wearing protection Got a career and I'm very invested Some people call it a scary obsession (Ooh, period, but) I like to call it a passion I can't be sitting relaxin' (Nah, I can't) PG, we getting some traction I'm at the venue, it's packed in (Packed out) I'm digging her accent I got a B.B. Simon belt on me And she tryna get it unfastened That's my type of distraction That's my type and she Latin (That's facts, ooh) Got my own flow and I'm 'bout to get a patent Brand new sheets for the bed, they satin (Soft, real soft) Y'all wasn't tuned in back then (Nah) My swag, they keep jackin' (Keep on jackin') I ain't doin' no verse, quit askin' (Quit askin')  What's poppin'? (Pooh, you a fool for this one) Brand new whip, just hopped in (Just hopped in) I got options I could pass that bitch like Stockton (It ain't nothin') Just joshin' I'ma spend this holiday locked in (Ooh) My body got rid of them toxins (Mmh, mmh) SportsCenter, top ten"
KISS OF LIFE,Midas Touch,2024,hyperpop,"The song incorporates elements of R&B Read More   Touch ya Touch ya (Touch)  Baby, count ten, that's all I need   (Can't go back, can't go back) Tick-tack, ain't got no time    love (Eat your love, eat your love)  Hey, baby, I've been watching     danger (Danger) (Baby, I've been watching, boy) Hey, baby, I'm so toxic  , it's alright (Alright) (Baby, I've been watching, boy)       lovesick     I warned you with a single touch, boy        When I touch ya, kiss ya You're gon' realize (Baby, don't you think too much) Boy, if I touch ya, kiss ya, watch out    You see, I got that Midas touch  Yeah, I really wanna stay all day with you You know what we'll be going through?     gettin' deeper   , makin' you weaker and weaker  Hey, baby, I'm so toxic  , it's alright (Alright) (You will end up in my hands, my love)       lovesick     I warned you with a single touch, boy        When I touch ya, kiss ya You're gon' realize (Baby, don't you think too much) Boy, if I touch ya, kiss ya, watch out    You see, I got that Midas touch  (Brace, brace) Ain't gotta sugarcoat m,    (Brace, brace) My love's a gam, I play with it,   (Brace, brace) Looking like a kitty cat but    , mm Once the countdown's done, you're never gonna move, yeah  When I touch ya, kiss ya You're gon' realize (You're gon' realize) (Baby, don't you think too much) Boy, if I touch ya, kiss ya, watch out (Boy, if I)    (Oh) You see, I got that Midas touch     You see, I got that Midas touch"
XG,SHOOTING STAR,2023,hyperpop,"In an interview with NME, Cocona connoted Read More  Yeah Uh-uh Yeah XG  Uh Everything I do, I do it A1, flawless Make' em go insane, pandemonium riot Always lookin' fresh, got that green in my diet Head to my toes, shinin' like canary diamonds (Bling, bling) Yeah, we them cool kids (*Yeah*), nothin' to it (*Nuh-uh*) Goin' stupid, saucin' (Drip, drippin') We a movement, never losin' Makin' moves, stay poppin'  Babe, if I give it my all, will it pay off? Workin' overtime, no days off All these shootin' stars in the dark (Yeah) All these shootin' stars in the dark, make a wish (Yeah) Takin' off from the ground, it's amazin' So outta this world, I'm in space Now I'm goin' up, headin' to the stars Wouldn't trade it out for another life, no  Yeah, we ridin', ridin', ridin' on up So shinin', shinin', shinin' for sure Ooh, ah, I'm lookin' so lavish Ooh, ah, put in work like it's a habit It's a big move, every day's like a dream Makin' big moves, yeah, we do it for our team Ooh, ah, I'm lookin' so lavish Ooh, ah, yeah, I bet you can't imagine  I be the one, huh (Huh), don't need to stunt, huh (Uh-uh) 'Cause we coolin', suit and boot it just for fun, huh (Huh) You couldn't run up on me, I'm too outta this world (*This world*) I got that spaceship jumpin', ready for my launch (*Three, two, one*) I don't care if I'm a brat, I'm just goin' dumb (Goin' dumb) I ain't tryin' to fire shots, but they doin' none (Doin' none) I know they watchin' me, I'm what I wanna be (Ha) Nobody touchin' me (Nah), I got this energy (Ha, woo)  Babe, if I give it my all, will it pay off? Workin' overtime, no days off All these shootin' stars in the dark (Yeah) All these shootin' stars in the dark, make a wish (Yeah) Takin' off from the ground, it's amazin' So outta this world, I'm in space Now I'm goin' up, headin' to the stars Wouldn't trade it out for another life, no  Yeah, we ridin', ridin', ridin' on up So shinin', shinin', shinin' for sure Ooh, ah, I'm lookin' so lavish Ooh, ah, put in work like it's a habit It's a big move, every day's like a dream Makin' big moves, yeah, we do it for our team Ooh, ah, I'm lookin' so lavish Ooh, ah, yeah, I bet you can't imagine  Oh, you rockin' with a dream team Comets droppin' when we hit the scene Oh, you rockin' with a dream team (Ooh) We shootin' from another galaxy (Ooh) And you know we take it all the way Lights and camera action, it's just how we live Don't get it twisted, this ain't child play Just know that XG's goin' all the way  Yeah, we ridin', ridin', ridin' on up (Woo) So shinin', shinin', shinin' for sure Ooh, ah, I'm lookin' so lavish (Shinin', shinin', yeah) Ooh, ah, put in work like it's a habit (I'm lookin' so lavish) It's a big move, every day's like a dream Makin' big moves as I should 'cause I'm a queen (Ooh) Ooh, ah, I'm lookin' so lavish Ooh, ah, yeah, I bet you can't imagine (Oh yeah)"
LeeHi,H.S.K.T. (feat. Wonstein),2021,hyperpop,"              (Hm)         (Hm-hm)        I'm sorry (Sorry) ,   (Hm-hm)     (Hm-hm)     ? I got what you need (What you need)               You know what I mean              Sorry, not sorry       (Hm-hm-hm)      , yeah               (Uh)    , ooh  Yeah, yeah      (Yeah)        (Woo!)  , AI  (AI)   answer (Ah)       You are early adopter, doctor I dont know what to say (To say) Do you really think she needs me? (That she needs me)     (Ooh, okay, okay)    , breathe (, breathe)  she ain't going home when she's supposed to be Woo-ooh                Ayy, you know what I mean, whoa            Sorry, not sorry                ,  yeah                   , ooh               And baby, you make me,          Yeah, I know it (I know it) Dont you want me? (Don't you want me?)       ()   ( )   ()   "
BLACKPINK,PLAYING WITH FIRE,2016,hyperpop,"              Eh                  Eh       On and on and on        Look at me, look at me now             (Oh-oh, oh-oh) My love is on fire (Ooh) Now burn, baby, burn  (Oh-oh, oh-oh) My love is on fire (Ooh) So don't play with me, boy   Oh no,                                        Kiss him, will I diss him? I don't know, but I miss him     crack    black, ah!       On and on and on        Look at me, look at me now             (Oh-oh, oh-oh) My love is on fire (Ooh) Now burn, baby, burn  (Oh-oh, oh-oh) My love is on fire (Ooh) So don't play with me, boy                      (Ooh-ooh) "
IVE,After LIKE,2022,hyperpop,"             ? (Na-na-na-na-na-na)   ?         (Na-na-na-na-na-na)                          What's after like?  You-ou and I-I It's more than like L   O   yeah-yeah, yeah You-ou and I-I It's more than like What's after like?  What's after like?             (Na-na-na-na-na)          Yeah, that's me (Yeah, that's me)             ?           (Ooh-ooh, ooh-ooh)     What's after like?  You-ou and I-I It's more than like L   O   yeah-yeah, yeah (Yeah, yeah) You-ou and I-I It's more than like (What's after like?) What's after like?  What after like?   strike     tike L-O  I   V-E    space,               (What's after like?) L-O-V-E   I (What's after like?)  You-ou and I-I It's more than lik E   V   yeah-yeah, yeah You-ou and I-I It's mor than like (Like, like) What's after like?  You-ou and I-I It's more than like L   O   yeah-yeah, yeah You-ou and I-I It's more than like (Like, like, like) What's after like?  What's after like?"
BTS,DNA,2017,hyperpop,"     (Hmm-mm)    (Ooh, ooh-ooh-ooh-ooh)    DNA  (Hmm-mm)      (Ooh, ooh-ooh-ooh-ooh)   ()   ( )   ()   ( )     ()     () Take it, take it         , love        , baby          ()     (, , yah)   ( )    (  )    (DNA)      (DNA)   , DNA  I want it, this love (This love) I-I want it, real love (Real love)   ,       DNA (DNA)    ()   I love us (Love us)  true lovers (Lovers)                    (Oh, yeah)         , love        , baby          ()     (, , yah)   ( )    (  )    (DNA)      (DNA)   , DNA        , baby , ,   ()    , love (Oh-oh-oh)        , baby   , DNA  La-la-la-la-la, la-la-la-la-la  , DNA La-la-la-la-la, la-la-la-la-la  , DNA"
Jung Kook,Dreamers [Music from the FIFA World Cup Qatar 2022 Official Soundtrack],2022,hyperpop,"        (Oh, RedOne)          Look who we are, we are the dreamers We make it happen, 'cause we believe it Look who we are, we are the dreamers We make it happen, 'cause we can see it  Here's to the ones that keep the passion Respect, oh, yeah Here's to the ones that can imagine Respect, oh, yeah                   Gather 'round now, look at me ( ) Respect the love the only way ( ) If you wanna come, come with me ( ) The door is open now every day ( ) This one plus two, rendezvous all invited This what we do, how we do  Look who we are, we are the dreamers We make it happen, 'cause we believe it Look who we are, we are the dreamers We make it happen, 'cause we can see it  Here's to the ones that keep the passion Respect, oh, yeah Here's to the ones that can imagine Respect, oh, yeah                   Look who we are, we are the dreamers We make it happen, 'cause we believe it Look who we are, we are the dreamers We make it happen, 'cause we can see it  Here's to the ones that keep the passion Respect, oh, yeah Here's to the ones that can imagine Respect, oh, yeah                 "
NAYEON,POP!,2022,hyperpop," What's wrong?      (Pop, pop, pop) Watch out,        (Pop, pop, pop) (Let's start)   play it (Won't stop)  shake it You know?      (Yeah, yeah)          ,   , baby        I wanna make it Pop, pop, pop, you want it Pop, pop, pop,       I wanna make it Pop, pop, pop, you want it Pop, pop, pop,     Pop, pop, pop (Uh-uh) Pop, pop, pop (Uh-uh) Pop, pop, pop (Uh-uh) Pop, pop, pop             (Yeah, yeah)   check it (Check it)  , take it Baby, baby, you're out of control So you're under my control     I wanna make it Pop, pop, pop, you want it Pop, pop, pop,       I wanna make it Pop, pop, pop, you want it Pop, pop, pop,     Pop, pop, pop (Uh-uh) (Hey, hey, hey, hey) Pop, pop, pop (Uh-uh) (Hey, hey, hey, hey) Pop, pop, pop (Uh-uh) (Hey, hey, hey, hey) Pop, pop, pop (Hey, hey, hey, hey)  Pop, pop,                 Baby, eyes on me now,      Five   , four   , three   , two, one Here we go     (  ) I wanna make it Pop, pop, pop, you want it (Pop, pop) Pop, pop, pop,   ( )     ( , , yeah, hey) I wanna make it Pop, pop, pop, you want it Pop, pop, pop,    (I know you want it, babe)  Pop, pop, pop (Uh-uh) Pop, pop, pop (Uh-uh) (You gotta pop it) Pop, pop, pop (Uh-uh) (I can't stop it) Pop, pop, pop"
NAYEON,ABCD,2024,hyperpop,"The track shows NAYEONs musical growth after Read More   Don't stop it Mm, yeah  Slow-mo (Slow-mo) Hey, I see you looking at me and I like it, oh (I like it, oh) Yeah, uh No more (No more)    Not my option (Option) Yeah (Ah)   (, ), my desire (My desire, my desire)      (Ooh) All I want is love (All I want, all I want), love with you (Love with you, love with you) Stop thinkin',    (Break it down now)  (Hey, listen to me now) Ayy, you're gonna be my babe Everytime you see me, , deeper, deeper, babe (Hey, listen to me now) A-B-C-D,  How to fall in love,      in my fantasy     gravity In love, in love Can't get enough (Woah) Hey,  , you're hypnotized (Yeah)     you and I In love, in love Can't get enough (Oh, yeah)    , my baby  I'ma drive you crazy (Oh)    emotion       , mute    move          (, ), feel alive (Feel alive, feel alive)       (Ooh) All I want is love (All I want, all I want), love with you (Love with you, love with you) Stop thinkin',    (You)  (Hey, listen to me now) Ayy, you're gonna be my babe Everytime you see me, , deeper, deeper, babe (Hey, listen to me now) A-B-C-D,  How to fall in love,      in my fantasy (My fantasy)     gravity In love, in love (In love) Can't get enough (Oh) Hey,  , you're hypnotized (Yeah)     you and I In love, in love (Ooh) Can't get enough (Hey)  I don't care and I like, yeah (Yeah) A to Z, you're my type, yeah (Shoo) , baby, how to love (How to love)    one by one (One by one) I don't care and I like, yeah (Yeah) A to Z, you're my type, yeah , baby, how to love (, baby, love)    one by one (   one)  Ayy, you're gonna be my babe Everytime you see me, , deeper, deeper, babe A-B-C-D,  How to fall in love,  "
IVE,LOVE DIVE,2022,hyperpop,"LOVE DIVE contains a modern Read More   Ooh, ooh Yeah        (Ooh, ooh)                   Ooh-ooh, ooh-ooh   Ooh-ooh, ooh-ooh    Ooh-ooh, ooh-ooh Yeah, it's so bad (So bad) it's good (It's good)       Narcissistic My God, I love it          ( ,  )   love dive  Ooh-ooh, ooh-ooh La-la, la, la, la-la-la Ooh-ooh, ooh-ooh   love dive Ooh-ooh, ooh-ooh Oh, perfect sacrifice Yeah,   love dive (It's easy)                        Ooh-ooh, ooh-ooh   Ooh-ooh, ooh-ooh 3   Ooh-ooh, ooh-ooh Yeah, it's so bad (So bad) it's good (It's good)     Narcissistic My God, I love it    (Ooh)       ( ,  )   love dive  Ooh-ooh, ooh-ooh La-la, la, la, la-la-la Ooh-ooh, ooh-ooh   love dive Ooh-ooh, ooh-ooh Oh, perfect sacrifice Yeah,   love dive    love dive (Yes, yes) (Yeah)   love dive (Ooh, ooh)   love dive (Yes, yes) (Yeah)   love dive  Ooh-ooh, ooh-ooh La-la, la, la, la-la-la Ooh-ooh, ooh-ooh   love dive Ooh-ooh, ooh-ooh Oh, perfect sacrifice Yeah,   love dive"
BTS,I Need U,2015,hyperpop," Fall (Everything) Fall (Everything) Fall (Everything)  Fall (Everything) Fall (Everything) Fall (Everything)        ()      ( ) ,   ,     ()     ()           ,  ,          But you're my everything (You're my) Everything (You're my) Everything (You're my)   , huh  (I hate you)  (I hate you)   I need you, girl     ? I need you, girl       ?  I need you, girl ( ) I need you, girl ( ) I need you, girl (I need you, girl) I need you, girl (I need you, girl)   It goes round and round,    ? I go down and down,  ,       ()    ()   ,  ,      ?   ( )   ( )     , , ,      (  )    (Ooh)   (Ooh)         ? (Ooh)   ? (Ooh)     ?  I need you, girl     ? I need you, girl       ?  I need you, girl ( ) I need you, girl ( ) I need you, girl (I need you, girl) I need you, girl (I need you, girl)  Girl, ,    Girl, ,   , oh             Oh-oh  I need you, girl (Oh)    (Oh, baby)  ? I need you, girl (?)       ?  I need you, girl ( ) I need you, girl, yeah ( ) I need you, girl (I need you, girl) I need you, girl (I need you, girl, yeah) "
Jung Kook,Somebody,2023,hyperpop,"Same back roads Switching lanes My mind is racing I can drive myself insane Winter's cold And summer's strange Don't turn around And act like you don't feel the same  Oh, oh, we both know Say it again, say it again Like oh, oh, it's time to let go  When you go out in the night You're under the lights Oh, I hoped you'd find somebody Hoped you'd find Somebody to ride, somebody to die Oh, I hoped you'd find somebody I hope you know that somebody ain't me (La-la-la, la-la-la, la-la-la-la) Hope you know that somebody ain't me (La-la-la, la-la-la, la-la-la-la) Hope you know that somebody ain't me (La-la-la, la-la-la, la-la-la-la) Hope you know that somebody ain't me (La-la-la, la-la-la, la-la-la-la) Hope you know that somebody ain't me  Came to terms Things have changed My heart can sense it, I don't need you to explain Pull the cord, split the chain There's so much damage going through the motions makes  Oh, oh, we both know Say it again, say it again Like oh, oh, it's time to let go  When you go out in the night You're under the lights Oh, I hoped you'd find somebody Hoped you'd find Somebody to ride, somebody to die Oh, I hoped you'd find somebody I hope you know that somebody ain't me (La-la-la, la-la-la, la-la-la-la) Hope you know that somebody ain't me (La-la-la, la-la-la, la-la-la-la) Hope you know that somebody ain't me (La-la-la, la-la-la, la-la-la-la) Hope you know that somebody ain't me (La-la-la, la-la-la, la-la-la-la) Hope you know that somebody ain't me  (La-la-la, la-la-la, la-la-la-la) (La-la-la, la-la-la, la-la-la-la) (La-la-la, la-la-la, la-la-la-la) (La-la-la, la-la-la, la-la-la-la)"
BLACKPINK,WHISTLE,2016,hyperpop," Read More   Hey, boy  Make 'em whistle like a missile, bomb, bomb Every time I show up, blow up, uh Make 'em whistle like a missile, bomb, bomb Every time I show up, blow up, uh    ,           , boom-boom 24/365,          , mm-mm  Yeah,     check out              (Uh)        chic, chic  So hot, so hot,      (Uh)                , woah-oh-oh     fire          (Uh) -- (Can you hear that?) ---  (Uh) -- (Can you hear that?) ---  Hold up    , just whistle to my heart        boom, boom  ,  shh Every day, all day,   , zoom, zoom  Uh,   stylin'    darlin'  like a desert island        , boy  checkmate,   win (Uh-huh)            , uh          , woah-oh-oh     fire          (Uh) -- (Can you hear that?) ---  (Uh) -- (Can you hear that?) ---  This beat got me feeling like                Ooh-ooh-ooh, ooh-ooh-ooh, ooh  Make 'em whistle like a missile, bomb, bomb Every time I show up, blow up, uh Make 'em whistle like a missile, bomb, bomb Every time I show up, blow up, uh"
aespa,Savage,2021,hyperpop," Oh my gosh, don't you know I'm a savage?  I'm a killa',          we holler   ,  hit you harder    deep fake on me     fake on me Got everybody, mock up to me         (Ooh-ooh)    , say ""No"" (Yeah, yeah)      savage  dirty  play,           ,     I'm a savage    , oh-oh-oh-oh I'm a savage   , oh-oh-oh-oh-oh  Get me, get me now Get me, get me now (Zu-zu-zu-zu)       savage (Zu-zu-zu-zu) Get me, get me now Get me, get me now (Zu-zu-zu-zu)     now, I'm a savage Gimme, gimme now Gimme, gimme now (Zu-zu-zu-zu)      algorithm (Zu-zu-zu-zu)       (Zu-zu-zu-zu) My  SYNK    savage (Zu-zu-zu-zu)  Mmm, everybody look at me,    ,  I'm lockd up in the glass,      ,       I'm going , game in,    And my      trick We gon , game in,                  savage              , make it, break it I'm a savage    , oh-oh-oh-oh I'm a savage  , oh-oh-oh-oh-oh  Get me, get me now Get me, get me now (Zu-zu-zu-zu)       savage (Zu-zu-zu-zu) Get me, get me now Get me, get me now (Zu-zu-zu-zu)     now, I'm a savage Gimme, gimme now Gimme, gimme now (Zu-zu-zu-zu)      algorithm (Zu-zu-zu-zu)       (Zu-zu-zu-zu) My  SYNK    savage (Zu-zu-zu-zu)        (My nvis, we love you) My victory,  SYNK dive      I know your sacrifices, oh (My nvis, we love you)             Savage Savage (Yeah, eh)  Get me, get me now (Get me now) Get me, get me now (Get me now) (Zu-zu-zu-zu)   (Get me now)   (Get me now, oh-ooh-oh)   savage (Zu-zu-zu-zu) Get me, get me now (Get me now) Get me, get me now (Get me now) (Zu-zu-zu-zu)   (Get me now)   (Get me now) now, I'm a savage (Get me now, get me now) (Yeah, yeah, yeah, yeah) Gimme, gimme now Gimme, gimme now (Zu-zu-zu-zu)      algorithm (Zu-zu-zu-zu) (Give me now, woah)       (Zu-zu-zu-zu) My  SYNK    savage (Zu-zu-zu-zu)  Ha-ha, what?"
NewJeans,Cool With You,2023,hyperpop," You know me like no other    See me like no other (Mm) And I think I like your point of view    I don't care what other people say   Dreaming of each other  You may be on my mind (Mind) Everyday baby, say you're mine (Mine) You and me on my mind (Mind) Everywhere, baby, say you're mine (Mine) It feels  (It feels) Cool with you () Cool with you (Gotta tell me now) Cool with you (It's just) Cool with you (Haha)         What's the best                       You may be on my mind (Mind) Everyday baby, say you're mine (Mine) You and me on my mind Everywhere, baby, say you're mine It feels  Cool with you () Cool with you (Gotta tell me now) Cool with you (It just) Cool with you (Haha) Cool with you (**; You know me like no other) Cool with you (*Gotta tell me now*) Cool with you (It just; See me like no other) Cool with you (Haha)"
BTS,Pied Piper,2017,hyperpop,"BTS depicts themselves as the piper with his flute while their fandom represents the innocent children being lured and Read More               (You can't stop)    (Stop!)                                         ,           paradise Can't close your eyes (Can't close your eyes)     (  )                                  Ooh-ooh-ooh, oh-oh-oh-oh-oh Ooh-ooh-ooh-ooh, oh-oh-oh-oh-oh Ooh-ooh-ooh, oh-oh-oh-oh-oh I'm takin' over you Ooh-ooh-ooh, oh-oh-oh-oh-oh Ooh-ooh-ooh-ooh, oh-oh-oh-oh-oh Ooh-ooh-ooh, oh-oh-oh-oh-oh I'm takin' over you           (Yeah, SUGA)                                   guilty pleasure   , never          paradise Can't close your eyes (Can't close your eyes)     (  )                                    (Ooh-ooh-ooh)     (Ooh-ooh-ooh)           (Ooh-ooh-ooh)    (Ooh-ooh-ooh)           Ooh-ooh-ooh, oh-oh-oh-oh-oh Ooh-ooh-ooh-ooh, oh-oh-oh-oh-oh Ooh-ooh-ooh, oh-oh-oh-oh-oh I'm takin' over you Ooh-ooh-ooh, oh-oh-oh-oh-oh Ooh-ooh-ooh-ooh, oh-oh-oh-oh-oh Ooh-ooh-ooh, oh-oh-oh-oh-oh I'm takin' over you"
Jung Kook,Closer to You (feat. Major Lazer),2023,hyperpop,"Jai limpression de flotter Il y a quelque chose dans lair ce soir Nous parlons avec des motions On ne regardera pas ailleurs Aime moi  mon plus bas Je taimerai quand tu te raccrocheras  peine clairant lobscurit Je peux tre une paule quand tu nes pas forte  Plus proche Plus proche de toi Plus proche Plus proche de toi  Je te prends comme mon dernier souffle Tu ma pris, cest la premir tape Plus proche de la rob en soie Sentant ton treinte chaude Le diable toujours tentant Mais qui va avoir le dernier mot ? On nest pas fait pour se fondre dans la masse Mlangs avec tous tes amis Pousse et attire pour se rapprocher, plus proche  On a ressay Jai dit que je ne mentirai pas Mais jai menti  nouveau Maman ta dit  Ne lui rpond pas  a ne va pas Qui a tort encore ? On est fatigu Recommence encore Ngatif et le positif a nous rend  Plus proches Plus proche de toi Plus proche Plus proche de toi Plus proche Plus proche de toi Plus proche Plus proche de toi"
ENHYPEN,Fatal Trouble,2024,hyperpop," Oh Yeah, yeah  Can't believe,   ( )         (Yeah, yeah)    ()    , who are you?         , baby    ?   ?      ?  Fatal trouble It's getting blurry    Fatal trouble       coming undone  I don't know you (I don't know you)   ( )   ( )    Fatal trouble  memory   story   Fatal trouble  Ah,              I don't know what to do    don't mind,      So now,           Fatal trouble (Oh) It's getting blurry (Oh)    () Fatal trouble    ()   (Ooh)  coming undone  I know, I know you (I know, I know you)    ( )  ()    Fatal trouble        Fatal trouble"
LE SSERAFIM,UNFORGIVEN (feat. Nile Rodgers),2023,hyperpop,"Unforgiven, I'm a villain, I'm a Unforgiven, nan geu gireul georeo Unforgiven, I'm a villain, I'm a Sae sidaero gieokdoel unforgiven  Yeah, what you want? Bulpyeonhami gitdeun face, wanna shut me up Sanyanggameul geodeupae channeun warriors Neoui gamee nan munjea, such a freak, golchitgeori Let me tell you 'bout LE SSERAFIM Naega jeil sileun geon nalgeun daemullim Eodum sok bureul kyeo machi rebellion We gonna kick it, break it, rules gon' give up  Unforgiven, yes, I was bleeding Himeopsi neul jyeoyaman haetdeon ssaum But I ride Baran jeokdo eopseo yongseo ttawineun Nan geumgireul gyeonwo, watch me now Now, now, now  Unforgiven, I'm a villain, I'm a Unforgiven, nan geu gireul georeo Unforgiven, I'm a villain, I'm a Sae sidaero gieokdoel unforgiven  Narang jeo neomeo gachi gaja, my unforgiven girls (Unforgiven) Narang seon neomeo gachi gaja, my unforgiven boys Unforgiven, unforgiven, unforgiven Hangye wiro namgyeojineun uri ireum Narang jeo neomeo gachi gaja, my unforgiven girls  U-unforgiven-given-given Nae stylero livin', livin', livin' Nae bangsik aju won eopsi Tto hangungmallon aju ""cheoreopsi"" (What?) Get started, let's get started Mirae geu ape saegyeodwo naui story Sinnyeomi joemyeon nan villain I'm not that Cinderella type of a girl  Unforgiven, yes, I was bleeding Himeopsi neul jyeoyaman haetdeon ssaum But I ride Baran jeokdo eopseo yongseo ttawineun Nan geumgireul gyeonwo, watch me now Now, now, now  Unforgiven, I'm a villain, I'm a Unforgiven, nan geu gireul georeo Unforgiven, I'm a villain, I'm a Sae sidaero gieokdoel unforgiven  Narang jeo neomeo gachi gaja, my unforgiven girls (Unforgiven) Narang seon neomeo gachi gaja, my unforgiven boys Unforgiven, unforgiven, unforgiven Hangye wiro namgyeojineun uri ireum Narang jeo neomeo gachi gaja, my unforgiven girls  Unforgiven, I'm a villain, I'm a Unforgiven, nan geu gireul georeo Unforgiven, I'm a villain, I'm a Unforgiven, nan geu gireul georeo  Oh, I will never be a clown (Never be a clown) Oh, boge doel geoya nadaum (*doel geoya nadaum*) Oh, nae moksorin jom loud (moksorin jom loud) Oh, I don't care, just shout it out  Narang jeo neomeo gachi gaja, my unforgiven girls (Unforgiven) Narang seon neomeo gachi gaja, my unforgiven boys Unforgiven, unforgiven, unforgiven Hangye wiro namgyeojineun uri ireum Narang jeo neomeo gachi gaja my unforgiven girls"
Stray Kids,JJAM,2024,hyperpop,"       honey jam, ayy Finger lickin', yeah,               jam, jam  topic,      , you can't stop it  bass line , body shake , okay,    take  Come and join the crew, get closer now It's time to make a move, get lit, so loud We know we'll never lose, get trophies now     , yeah Peanut butter jelly time We stick together day and night, yeah Fill up our jars every time Just spread it out    , jam Sticky, sticky, sticky jam Yeah, our jam got them I got no ? You got no ? We gotta jam () Look at our jam, come on and    Stick it up now, put your, put your hands up It's our playground,   , catch up Look at our jam, come on and    (Sing) Come on,          road, just take it slow   open our home  headlights    sing this song No one can escape this feeling     (Dance) I gotta move Look at my groove Jam, jam, jam, jam Say woah (Ha) Say ooh I know, you know, Lee Know  (Rap) Kick snare, hi-hat drum and bass   peanut butter jelly           take it            catch  allergy,     Sticking together day and night, yeah Filling up jars, oh, every time So just spread it out (Right now)    , jam Sticky, sticky, sticky jam Yeah, our jam got them I got no ? You got no ? We gotta jam () Look at our jam, come on and    Everybody, every, everybody, body Jam Jam Jam, jam  Stick it up now, put your, put your hands up (Yeah) It's our playground,   , catch up Look at our jam, come on and   (Jam, jam)"
Stray Kids,Thunderous,2021,hyperpop," Oh    , oh           , ayy                                   Here they come             Freezing cold, but I know we'll burn forever              (  )  (Ha-ha) Man I'm not sorry, I'm dirty    ()    ()     Bang, bang, bang, boom Man I'm not sorry, I'm dirty Keep on talking, we don't play by the rules               *Why you mad? Why you sad? Why you * Out of              (What's up?)  ( )      Here they come             Freezing cold, but I know we'll burn forever           (Ha-ha-ha)    (  )  (Ha-ha) Man I'm not sorry, I'm dirty    (Huh)   ()                    Final warning  back up ()   (Back off)          (Ha-ha) Man I'm not sorry, I'm dirty    ()    ()     Bang, bang, bang, boom Man I'm not sorry, I'm dirty Keep on talking, we don't play by the rules"
ATEEZ,WORK,2024,hyperpop," Gotta work (Gotta work) Gotta make that money, make purse (Yes) Got a fur coat, so I make it purr (Make it purr) Give 'em whiplash when they see me earn (Woo) Gotta, gotta, gotta work Gotta make that money, make purse (Gotta make it) Got a fur coat, so I make it purr (So I make it purr) Gotta get that credit, get perks Gotta, gotta, gotta work  Yo,     golden plate (Ah)    L.A. to Tokyo     classic type    guardians (Going all the way)    breaking news      radio (Going all the way)   , flamingo     adis  Ganso que pone huevos de oro (Oh-oh)          No, no, no, no, no  Gotta work (Gotta work) Gotta make that money, make purse (Yes) Got a fur coat, so I make it purr (Make it purr) Give 'em whiplash when they see me earn (Woo) Gotta, gotta, gotta work (Hey) Gotta make that money, make purse (Gotta make it) Got a fur coat, so I make it purr (So I make it purr) Gotta get that credit, get perks Gotta, gotta, gotta work  Gotta make that money, make purse  (Ah-ha)       , fresh air (Oh)    , gee, gee           *    *     **   ** (Fix on) Yeah, purr,     Uh,    seasoning (Stack, stack) My clock ticks on a different beat Chasing that dough? Wow, ride with me (Oh-oh)  Ganso que pone huevos de oro (Oh-oh)          No, no, no, no, no (Ooh)  Gotta work (Gotta work) Gotta make that money, make purse (Yes) Got a fur coat, so I make it purr (Make it purr) Give 'em whiplash when they see me earn (Woo) Gotta, gotta, gotta work (*Hey*) Gotta make that money, make purse (Gotta make it) Got a fur coat, so I make it purr (So I make it purr) Gotta get that credit, get perks Gotta, gotta, gotta work  Clock, tic-tac-toe,            You can't find me where I stand  Gotta make that money, make purse Money, make purse (Oh, yeah) Oh, na-na-na, yeah Give it up, give it up Gotta make that money, make purse (Oh, yeah) Give it up, give it up, up, up, yeah Money, make purse (Give it up, give it up, up, up, yeah) Give it, give it, give it *Gotta make that money, make*"
aespa,Hold On Tight,2023,hyperpop,"Baby, you and me are a twisted fantasy Buckle up and take a seat, hold on tight  Situation critical, it's heavy A million blocks of obstacles, you help me See a different POV (Givin' back all my) Faith in a catastrophe (It's alright)  Keep on movin' (Movin') Beat the system, autopilot cruisin' (Cruisin') Tunnel vision victory, no losin' (Losin') Heaven knows it's one hell of a ride Better hold on tight, better hold on tight For your life  Baby, you and me are a twisted fantasy Bodies running on a dream, up all night (All night) Wired differently, a chaotic energy Buckle up and take a seat, hold on tight (On tight)  We wer built to be two enemis (I know, I know) But somehow I know we're meant to be (I know, I know) This world's a battlefield, I will be your shield We got something real, worth disrupting the peace We'll disrupt the peace, ah-ah-ah  Yeah, keep on movin' (Movin') Beat the system, autopilot cruisin' (Cruisin') Tunnel vision victory, no losin' (Losin') Heaven knows it's one hell of a ride Better hold on tight, better hold on tight For your life  Baby, you and me are a twisted fantasy Bodies running on a dream, up all night (All night) Wired differently, a chaotic energy Buckle up and take a seat, hold on tight (For your life) Baby, you and me are a twisted fantasy Bodies running on a dream, up all night (All night) Wired differently, a chaotic energy Buckle up and take a seat, hold on tight (On tight)  La, la-la-la, la-la-la, la-la-la, la-la-la, la-la-la Hold on tight (Hold on tight) La, la-la-la, la-la-la, la-la-la, la-la-la, la-la-la Hold on tight"
NewJeans,Hurt,2022,hyperpop," Oh-oh-oh Oh-oh Oh-woah Oh-oh                  ,                 , no          'Cause I'm not gonna be the one to get hurt Hurt (No, no) I'm not gonna be the one to get hurt Hurt (No, no) I'm not gonna be the one to get hurt Hurt (Oh, oh, ooh) I'm not gonna be the one to get hurt (Oh, oh, ooh) I'm not gonna be the one to get hurt (Oh, oh, ooh) I'm not gonna be the one to get hurt (Oh, oh, ooh)                                   , no          'Cause I'm not gonna be the one to get hurt Hurt (No, no) I'm not gonna be the one to get hurt Hurt (No, no) I'm not gonna be the one to get hurt Hurt (Oh, oh, ooh) Hurt (Oh, oh, ooh)  ,      I'm not gonna be the one to get hurt ,      I'm not gonna be the one to get hurt"
BTS,ON,2020,hyperpop," I can't understand what people are sayin'           shadow          New York or Paris     (Yeah) Look at my feet, look down          ?         I know,  I flow       Hey, na-na-na     Hey, na-na-na        Hey, na-na-na Can't hold me down 'Cause you know I'm a fighter      Find me and I'm gonna live with ya  (Ayy-oh)  bring the pain, oh, yeah (Ayy-oh)  bring the pain, oh, yeah Rain be pourin', sky keep fallin' Everyday, oh-na-na-na (Ayy-oh)  bring the pain, oh, yeah  Bring the pain      Bring the pain No fear,     breathe               scream     scream                  Win no matter what Win no matter what Win no matter what     I don't give a uh I don't give a uh I don't give a uh  Hey, na-na-na     Hey, na-na-na        Hey, na-na-na Can't hold me down 'cause you know I'm a fighter      Find me and I'm gonna live with ya  (Ayy-oh)  bring the pain, oh, yeah (Ayy-oh)  bring the pain, oh, yeah Rain be pourin', sky keep fallin' Everyday, oh-na-na-na (Ayy-oh)  bring the pain, oh, yeah          My everythin', my blood and tears Got no fears, I'm singin', ohh Oh, I'm takin' over You should know, yeah Can't 'old me down 'cause you know I'm a fighter      Find me and I'm gonna bleed with ya  (Ayy-oh)  bring the pain, oh, yeah (Ayy-oh)  bring the pain, oh, yeah Rain be pourin', sky keep fallin' Everyday, oh-na-na-na (Ayy-oh) Find me and Im gonna bleed with ya (Ayy-oh)  bring the pain, oh, yeah (Ayy-oh)  bring the pain, oh, yeah *All that I know is just goin' on and on and on and on* (Ayy-oh)  bring the pain, oh, yeah"
NewJeans,Cookie,2022,hyperpop," Ee-yeah        But you know that it ain't for free, yeah-eh      (Yeah)   (Ayy)   choco-chip sprinkle           If you want it, you can get it, if you want it    , boy   ,   ,  , ,     , ?  ,   ,  *, ,  *   , ?          (So good), yeah-eh Looking at my cookie ,   (Taste it)   (Uh)   choco-chip sprinkle            If you want it, you can get it, if you want it    , boy   ,   ,  , ,     , ?  ,   ,  *, ,  *   , ?  (Yeah, yo) Bet you know, bet you know, bet you know I       Take it, don't break it, I wanna see you taste it Sugar, got sugar,     (Yeah, yo) Bet you know, bet you know, bet you know I      Take it, don't break it, I wanna see you taste it Sugar, got sugar, bet you want some (Yeah, yo)   ,   ,  , ,   (Mm-mm, mm-mm)   , ? (Yeah, yo)  ,  (Yeah, yo)  ,  *, ,  * (Mm-mm, mm-mm)   , ? (Yeah, yo)  Yeah, yo Yeah, yo (Mm-mm, mm-mm) Yeah, yo Yeah, yo (Mm-mm, mm-mm)     Come and take a lookie   ,    ,          Come and take a lookie       ,      "
Jimin,Rebirth (Intro),2024,hyperpop," If I'm tryna be special Can I get closer to you?         If I'm tryna be special       I'll show you, baby Oh, I didn't realize Oh, I didn't think I'd care Oh my gosh         light Like   vibe    That I want a real good love, good love, good love I'm tryna find a love, good love, real love                  Stay with you, with you, with you, with you I will be your reason, reason, reason, reason     to you, you To you                      I will be special all for you Special just for you For you (For you) For you (For you) I wanna be with you"
MEOVV,MEOW,2024,hyperpop," (Yeah-yeah-yeah, yeah-yeah-yeah, yeah-yeah-yeah) (Yeah-yeah-yeah, yeah-yeah-yeah, yeah-yeah-yeah) Meow (Yeah-yeah-yeah, yeah-yeah-yeah, yeah-yeah-yeah) (Yeah-yeah-yeah, yeah-yeah-yeah, yeah-yeah-yeah) (Yeah-yeah-yeah, yeah-yeah-yah, yeah-yeah-yeah) (Yah-yeah-yeah, yeah-yeah-yeah)       chic (Yeah-yeah-yeah-yeah, yeah-yeah-yeah-yeah) Now you speak French, talkin' 'bout we (Yeah-yeah-yeah-yeah, yeah-yeah-yeah-yeah)    oh, please (Oh, please)    can't keep up with me (Uh-uh) Try and match my energy     roarin'    keep burnin'   dancin' on the table, table Tell 'em I'm pullin' up on sight  We'll make 'em (Meow) With my girls, we gon' shake somethin' (Meow) We don't run, we don't chase 'em (Meo-o-o-o-ow) Turn it up, hear dat bass drum Wons and yens and dollars (Hey) comma, comma (Hey), comma (Hey)  Bring 'em (Yeah-yeah-yeah, yeah-yeah-yeah, yeah-yeah-yeah) Shake somethin' (Yeah-yeah-yeah, yeah-yeah-yeah, yeah-yeah-yeah) Ah-ah (Yeah-yeah-yeah, yeah-yeah-yeah, yeah-yeah-yeah) Break somethin' (Yeah-yeah-yeah, yeah-yeah-yeah, yeah-yeah-yeah) Wons and yens and dollars, comma, comma, comma     I can do it all night It look easy, don't it? (Yeah-yeah-yeah-yeah) Make 'em all tongue-tied  side eye    we own it (Yeah-yeah-yeah-yeah)       Nothin' else on my mind, when I'm on my grind No, I ain't got time     roarin'    keep burnin'   dancin' on the table, table Tell 'em I'm pullin' up on sight  We'll make 'em (Meow) With my girls, we gon' shake somethin' (Meow) We don't run, we don't chase 'em (Meo-o-o-o-ow) Turn it up, hear dat bass drum Wons and yens and dollars (Turn it), comma, comma (Turn it), comma (Turn it)  Bring 'em (Yeah-yeah-yeah, yeah-yeah-yeah, yeah-yeah-yeah) Shake somethin' (Yeah-yeah-yeah, yeah-yeah-yeah, yeah-yeah-yeah) Ah-ah (Yeah-yeah-yeah, yeah-yeah-yeah, yeah-yeah-yeah) Break somethin' (Yeah-yeah-yeah, yeah-yeah-yeah, yeah-yeah-yeah) Wons and yens and dollars, comma, comma, comma  Ah-ah-ah, ah-ah Ah-ah-ah, ah-ah Ah-ah-ah, ah-ah Ah-ah-ah  Yeah-yeah-yeah, yeah-yeah-yeah, yeah-yeah-yeah (Ah-ah-ah, ah-ah) Yeah-yeah-yeah, yeah-yeah-yeah, yeah-yeah-yeah (Ah-ah-ah, ah-ah) Yeah-yeah-yeah, yeah-yeah-yeah, yeah-yeah-yeah (Ah-ah-ah, ah-ah) Yeah-yeah-yeah, yeah-yeah-yeah, yeah-yeah-yeah (Ah-ah-ah)"
KAI,Rover,2023,hyperpop,"Rover is a dancehall song featuring Read More   Yeah, mmh  Come on and hashtag me                bite back Blah, blah                , oh yeah  Take a ride with me        Stop,   Mr. Rover, rover, rover I'm coming over, over, over Call me Rover, rover, rover Im coming over  , ""Mr.""          Rover, rover, rover I'm coming over, over, over  Ayy,       all stop, yeah   , uh We don't need to be a chatterbox  Take a ride with me        Stop,   Mr. Rover, rover, rover I'm coming over, over, over Call me Rover, rover, rover Im coming over  , ""Mr.""          Rover, rover, rover I'm coming over, over, over             Truth for you      , watch me go Baby, catch me If you can, let's race, so  Stop,   Mr. Rover, rover, rover (Oh) I'm coming over, over, over Call me Rover, rover, rover I'm coming over  , ""Mr.""          Rover, rover, rover I'm coming over, over, over      , yeah   , yeah   Catch me if you can, uh   Mr. Rover, rover, rover I'm coming over, over, over Call me Rover, rover, rover I'm coming over  , call me Rover"
JENNIE,You & Me,2023,hyperpop,"The captivating song made its Read More  You know I got ya You know that I got you like that Ain't nobody gonna have your back like the way I do You love it, just say you do You know you got me Everything you do, everything you did Everything I wish I was with, makes me feel alright I'm just saying, so  I really like it Nothin' in the world can make me feel the way you do, the things you do I really like it Nothin' in the world can make me feel the way you do, the things you do  I love you and me Dancing in the moonlight Nobody can see It's just you and me tonight I love you and me Dancing in the moonlight Nobody can see It's just you and me tonight  Look at you, now look at me How you ever, ever gonna find someone like this? Look at you, now look at m How you ever, evr gonna find someone like this?  You're the reason my heart skips, drops Just a little touch, my world stops Finally, I know that you're mine I don't wanna fall Don't wanna play this game of love, oh-eh-oh There's nowhere to hide  I really like it Nothing in the world can make me feel the way you do, the things you do I really like it Nothing in the world can make me feel the way you do, the things you do  I love you and me Dancing in the moonlight Nobody can see It's just you and me tonight I love you and me Dancing in the moonlight Nobody can see It's just you and me tonight  Look at you, now look at me How you ever, ever gonna find someone like this? Look at you, now look at me How you ever, ever gonna find someone like this?  (Ever, ever gonna find someone like this) (Someone like this)  I don't care 'bout your first love This should be your last one Nothin' like your last one You look better on me, that's fashion Won't block your shots, lights, camera, action Never been a love me or a love me not thing Every petal better tell him, better not change I love you, I love me a lot, wait Which one I love better? Better off not saying  I love you and me"
SEVENTEEN,HOT,2022,hyperpop,"    ()     ( , oh) Uh, juicy, juicy Uh, juicy, juicy     (Spicy feelin')    (I just wanna do this) Uh, juicy, juicy     turn up (Ooh-ooh)    (Ooh-ooh)        fire ()    (  )     (   ) Say ah               (  )     vibe      go   drop it like hot, hot, hot Oh,  feelin' so hot   burnin' like hot, hot, hot, hot (Boom-brr-boom-boom)  drop it like hot, hot, hot Oh,  feelin' so hot Yeah, I'm runnin' too hot, hot, hot, hot (Boom-brr-boom-boom)       (Boom-brr-boom-boom)       everybody   Ayy,      drive away I don't want, uh, one more chance               Yeah,           I can't breathe   (  )     vibe You know what to do Hey, you know what to do   drop it like hot, hot, hot Oh,  feelin' so hot   burnin' like hot, hot, hot, hot (Boom-brr-boom-boom)  drop it like hot, hot, hot Oh,  feelin' so hot Yeah, I'm runnin' too hot, hot, hot, hot (Boom-brr-boom-boom)           through the fire (Fire)    ()       , aw   drop it like hot, hot, hot Oh,  feelin' so hot   burnin' like hot, hot, hot, hot (*Ah, oh, yeah*) (Boom-brr-boom-boom)  drop it like hot, hot, hot (*Ooh, woah*) Oh,  feelin' so hot (*Yeah, yeah, yeah*) Yeah, I'm runnin' too hot, hot, hot, hot (Boom-brr-boom-boom)       (Boom-brr-boom-boom)       everybody "
wave to earth,peach eyes,2023,hyperpop,"Peach eyes and blue skies, I'll be with you on your ride It's on the moonlight, how many songs I write You'll be my sunlight, how could I not rely On you, peach eyes?  You're mine as soon as I watch your eyes I couldn't find fear on my damn mind Oh my, I'm heading into you Hope you don't mind Hope you don't mind  I'm talking to you Oh, I'm talking, you My life's so jerky, yeah So would you let me To hide inside your eyes? Your peach eyes  Peach eyes and blue skies, I'll be with you on your ride It's on the moonlight, how many songs I writ You'll be my sunlight, how could I not rely On you, peach yes?  The countless days I've been without you (You are the one I need) You know, besides I won't find nobody to give my, aye Whole life with you Oh, you  Peach eyes and blue skies Oh, it's on the moonlight You'll be my sunlight Peach eyes  Peach eyes and blue skies, I'll be with you on your ride It's on the moonlight, how many songs I write You'll be my sunlight, how could I not rely On you, peach eyes?  Peach eyes and blue skies Oh, it's on the moonlight You'll be my sunlight, how could I not rely On you, peach eyes?"
TOMORROW X TOGETHER,0X1=LOVESONG (I Know I Love You) feat. Seori,2021,hyperpop," I know I love you      I know you're my one and only (And only; And only)      Like oh my god, so holy (So holy)     ()    My life before you was a mess        chess, oh, we    ()    gold (Gold) Now I can't stop thinking 'bout you When I'm sinking alone      ( )    hometown ( hometown) I know it's real, I can feel it     love sick     I'm a loser in this game (This game)         Please use me like a drug (I know I love you)  Say you love me, say you love me   All or nothing, I want all of you I know I love you Say you love me, say you love me   All or nothing, I give all of you I know I love you                    ()   My life before you was trash        match, oh, we    ()    glow (Glow) Now I can't stop thinking 'bout you When I'm sinking alone (Sinking alon)     ( )    hometown ( hometown) I know it's real, I can feel it     lov sick     (Oh) I'm a loser in this game (This game)         () Please use me like a drug (I know I love you)                  , girl, I need you     love sick (Oh)     () I'm a loser in this game (Game)      ( )    (  ) Please use me like a drug (I know I love you)  Say you love me, say you love me   (I love you) All or nothing, I want all of you I know I love you (You) Say you love me, say you love me   ( ) All or nothing, I give all of you I know I love you"
aespa,Next Level,2021,hyperpop,"The storyline Read More   I'm on the next level, yeah               home ground       Ooh-ooh-ooh, eeh!   black out    (Too hot, too hot) Ooh-ooh-ooh, eeh!         I'm on the next level     Next level     Next level, KOSMO   Next level     La, la, la, la, la, la (Ha, ha) La, la, la, la, la, la La, la, la, la, la, la La, la, la, la, la  I see the NU-EVO      popping  That's my naevis, it's my naevis You lead, we follow    Watch me while I make it out Watch me while I work it out Watch me while I make it out Watch me while I work it out Work it, work it, work it out          (Watch me while I work it)         , oh (Watch me while I work it)  Beat drop (Naevis calling, ae)     (ae)     (ae)                (We want it) Come on! Show me the way to KOSMO, yeah-yeah *Black Mamba   quest Aespa, ae   *          *Naevis  ae, ae  Aespa Next Level ""P.O.S"" *  real world  We against the villain, what's the name?Black Mamba  Ooh-ooh-ooh, eeh!        fire (Too hot, too hot) Ooh-ooh-ooh, eeh!      story Huh!  I'm on the next level     Next level     Next level, KOSMO   Next level    I'm on the next level    Next level     Next level     Next level    Huh!"
ENHYPEN,Given-Taken,2020,hyperpop,"The song tells about the struggle of young artists with fate and, according to the label, expresses: The mixed Read More   Wake up in day one                But I go now,   Dive into red sun, no lie   stars,                       (To you)     (To)     (Free) Given or taken, oh    (To you)     (To)     (Me) *Given or taken, oh* **  **  Oh-oh-oh-oh-oh          Oh-oh-oh-oh-oh                (Oh)      (Oh) But I go now,   Drive through the question for life                         (To you)     (To)     (Free) Given or taken, oh    (To you)     (To)     (Me) Given or taken, oh *  *  Red blood ( ) That blood ( ) Red blood        But I'm gonna go  (To you)     (To)     (Free) Given or taken, oh    (To you)     (To)     (Me) *Given or taken, oh* **  **  Oh-oh-oh-oh-oh          Oh-oh-oh-oh-oh         "
Jung Kook,Too Sad to Dance,2023,hyperpop,"Last week, I found a message in a bottle It said go home, ain't nobody love you no more I can't disagree So, last night, I went to the club Had a couple too many threw up Now, everybody's laughing at me  'Cause I'm way too sad Way too sad to dance I'm way too sad to dance  'Cause I got too caught up, my friends agree A broken heart and nobody And that's why I'm too sad to dance And now, I just wait by the telephone You ain't coming back and I should've known And that's why I'm too sad to dance  Oh, da-da-dum-da-da-da, da-da-dum-da-da-dum That's why I'm too sad to dance  This morning, I knocked your door Just to admit my flaws But you said you've heard it all before, mmm And this Christmas, I got no gifts Do I really deserve all this? So, I head straight down to the liquor store, uh-uh  'Cause I'm way too sad Way too sad to dance I'm way too sad to dance  'Cause I got too caught up, my friends agree A broken heart and nobody And that's why I'm too sad to dance And now, I just wait by the telephone You ain't coming back and I should've known And that's why I'm too sad to dance  Oh, da-da-dum-da-da-da, da-da-dum-da-da-dum That's why I'm too sad to dance Oh, da-da-dum-da-da-da, da-da-dum-da-da-dum That's why I'm too sad to dance  So, I called up my pops last night He said by the morning light You won't need no romance He told me, walk that walk alone And talk that talk, you know 'Cause you don't need no one to dance "
LE SSERAFIM,FEARLESS (2023 Ver.),2023,hyperpop," ,  ,  ,  ,           answer     new wave   passion        trouble, huh I'm fearless, a new bitch, new crazy, , next one  (Woah-oh-oh-oh-oh) , highway, highway (Woah-oh-oh-oh-oh)        (Woah-oh-oh-oh-oh)   ,   What you lookin' at? What you, what you lookin' at? What you lookin' at? What you, what you lookin' at? What you lookin' at? What you, what you lookin' at? Mm-mm-mm-mm, I'm fearless, huh You should get away, get a, get a, get away  , -  You should get away, get a, get a, get away Mm-mm-mm-mm, I'm fearless, huh  ,  ,  ,  ,                 forever win , ayy    , ayy    , ayy Take the world, break it down, break you down, down  (Woah-oh-oh-oh-oh) , highway, highway (Woah-oh-oh-oh-oh)        (Woah-oh-oh-oh-oh)   ,   What you lookin' at? What you, what you lookin' at? What you lookin' at? What you, what you lookin' at? What you lookin' at? What you, what you lookin' at? Mm-mm-mm-mm, I'm fearless, huh You should get away, get a, get a, get away  , -  You should get away, get a, get a, get away Mm-mm-mm-mm, I'm fearless, huh  ,  ,  ,   Mm-mm-mm-mm, I'm fearless, huh  (, )    (, )   payback (, , ) Bring it,   Mm-mm-mm-mm, I'm fearless, huh  What you lookin' at? What you, what you lookin' at? What you lookin' at? What you, what you lookin' at? What you lookin' at? What you, what you lookin' at? Mm-mm-mm-mm, I'm fearless, huh You should get away, get a, get a, get away  , -  You should get away, get a, get a, get away Mm-mm-mm-mm, I'm fearless, huh"
CHANYEOL,Stay With Me,2016,hyperpop,The song is part of the original soundtrack of the 2016 hit South Korean drama Guardian: The Read More                         falling you    falling    calling      hold me            (Stay with me)       (Stay With me)                            falling you                                                                                   falling you
TWICE,I CAN'T STOP ME,2020,hyperpop," portrays the danger and anxiety that comes Read More   Ooh, ooh, ooh Ooh, ooh, ooh-ooh   , ring, ring-a-ling         , I know it's too late            I'm warning to myself,     , ,      Out of control (Hey)     spot, spot, spotlight      , I know it's not right I can't stop me, can't stop me (No, woah, woah, hey)     red, red, red line          highlight I can't stop me, can't stop me (No, woah, woah)  Ooh, ooh, ooh Ooh, ooh, ooh-ooh Ooh, ooh, ooh Ooh, ooh, ooh-ooh Ooh, ooh, ooh Ooh, ooh, ooh-ooh I can't stop me, can't stop me    (Yah, yah)    no rules (Ah, ah)   , lights off tonight      , losing myself (Yeah, yeah)   turning back       ( )  ,    (Hey)       Out of control (Ooh, yeah; Hey)     spot, spot, spotlight     (Ooh, ooh, ooh)  , I know it's not right I can't stop me, can't stop me (No, woah, woah, hey)     red, red, red line (Red line)          highlight I can't stop me, can't stop me (I can't stop me, yeah) (No, woah, woah)  Risky, risky, wiggy,  This is an emergency Help me, help me, somebody stop me 'Cause I know I can't stop me                  (Ah, ah)    (Ooh, ooh) Guilty,   I can't stop me, can't stop me, can't stop me (Oh)     spot, spot, spotlight      , I know it's not right I can't stop me, can't stop me (No, woah, woah, hey)     red, red, red line          highlight (Ooh, ooh, ooh, ooh, ooh) I can't stop me, can't stop me (Yeah, yeah, yeah) (No, woah, woah)  Ooh, ooh, ooh Ooh, ooh, ooh-ooh (Ah, ah) Ooh, ooh, ooh Ooh, ooh, ooh-ooh (Ooh, ooh) Ooh, ooh, ooh Ooh, ooh, ooh-ooh I can't stop me, can't stop me No, woah, woah  Ooh, ooh, ooh Ooh, ooh, ooh-ooh Ooh, ooh, ooh Ooh, ooh, ooh-ooh Ooh, ooh, ooh Ooh, ooh, ooh-ooh"
LISA,MONEY,2021,hyperpop,"It's the end of the month and the weekend I'ma spend this check, everything on me, yeah I'ma tip myself, I'ma spend it on myself I'ma drop it like it's pourin', I'ma pour it on myself  Che-che-che-check that money-makin' bank account number (Yikes) That's that shit that's never gettin' bounced on ya Bitch, I do the money dance, I just made a hundred bands When the store says, ""Sign for it,"" I'ma leave my autograph  Dolla' bills, dolla' bills Watch it fallin' for me, I love the way that feels Dolla' bills, dolla' bills Keep on fallin' for me, I love th way it feels  I came here to drop som money, droppin' all my money Drop some money, all this bread so yummy, yeah Twerkin', twerkin' when I buy the things I like Dolla', dollas droppin' on my ass tonight  Everyone silent, listen to my money talk Spend how I like it, yeah, everyone know what I mean, mean When they see green, when they see green, that mean go Gimme what the hell I want, gimme what the hell I want  Check that money-makin' bank account number (Yikes) That's that shit that's never gettin' bounced on ya Bitch, I do the money dance, I just made a hundred bands When the store says, ""Sign for it,"" I'ma leave my autograph  Dolla' bills, dolla' bills Watch it fallin' for me, I love the way that feels Dolla' bills, dolla' bills Keep on fallin' for me, I love the way it feels  I came here to drop some money, droppin' all my money Drop some money, all this bread so yummy, yeah Twerkin', twerkin' when I buy the things I like Dolla', dollas droppin' on my ass tonight (Drop some money, droppin' all my money) (Drop some money, all this bread so yummy, yeah) Drop some money, droppin' all my money Drop some money, all this bread so yummy, yeah  My money moves, money I choose CELINE my shoes, walkin' on you, my money rules My money moves, money I choose Watch how my wons and yens and dollars be droppin' on you, you, you Dun, dun-dun-dun-dun-dun, dun Dun-dun-dun-dun-dun-dun Dun, dun-dun-dun-dun-dun, dun Droppin' on you Dun, dun-dun-dun-dun-dun, dun Dun-dun-dun-dun-dun-dun Dun, dun-dun-dun-dun-dun, dun Droppin' on you"
TWICE,The Feels,2021,hyperpop,"The nu-disco track is an addictive track with an intense Read More  Boy, I, boy, I, boy, I know I know you get the feels (Yeah) Boy, I, boy, I, boy, I know  Uh, I'm so curious Bout ya boy, wanna keep it cool But I know everytime you move Got me frozen, I Get so shy, it's obvious (Yeah, yeah) Catching feels like butterflies If I say what's on my mind Would I hit bullseye? (Woo) Shoot! Im ready, aim and fire (Fire!)  Baby, I (Woah, wow) Feel like Cupid's alive Ali-i-ive tonight Yeah, tonight If your heart beats the same way Let me know (Yeah, let me know) 'Cause I'm boom-boom-boom From head to toe and I (From head to toe)  I know love It is such a funny thing A mystery allure Gotta get to know you more 'Cause I, I can feel a real connection A supernatural attraction-ah I got the feels for you, yeah, yeah, yeah, yeah  You have stolen my heart, oh, yeah (Oh, yeah) Never let it go-oh-oh No, never let it go-oh, oh-oh, oh-oh, oh Lightning straight to my heart, oh, yeah (Oh, yeah) I got all the feels for sure Yeah, I got all the feels for ya  Boy, I, boy, I, boy, I know I know I get the feels Boy, I, boy, I, boy, I know I know you feel it too  (Uh-uh) Sway in the moonlight, dance in the dark (Yeah, yeah) I, I know that I caught your eye (That's right) Are we on the same vibe? (Same vibe) I wonder what's on your mind 'Cause you got me good and I wanna be ya boo If its dumb, well, I wanna be a fool (Woo, woo, woo!) Underneath the neon lights, baby Electricity tonight, baby  I know love It is such a funny thing (Yeah) A mystery allure Gotta get to know you more (No) Cause I, I can feel a real connection (Connection) A supernatural attraction-ah (Attraction, ah) I got the feels for you, yeah, yeah, yeah, yeah (Ah)  You have stolen my heart, oh, yeah (Oh, yeah) Never let it go-oh-oh No, never let it go-oh, oh-oh, oh-oh, oh Lightning straight to my heart, oh, yeah (Oh, yeah) I got all the feels for sure Yeah, I got all the feels for ya (Oh, yeah)  Boy, I, boy, I, boy, I know I know I get the feels Boy, I, boy, I, boy, I know I know you feel it too Boy, I, boy, I, boy, I know I know I get the feels Boy, I, boy, I, boy, I know I know you feel it too (Feel it too)  You got my attention (Oh) So, what's your intention? (Oh) Yeah, tell me, baby, whats the deal? Oh, one look and I know it Baby, my eyes reveal That you, you, you give me the feels, oh, yeah  You have stolen my heart, oh, yeah (Oh, yeah) Never let it go-oh-oh (No, no) No, never let it go-oh, oh-oh, oh-oh, oh (No, no) Lightning straight to my heart, oh, yeah (Oh, yeah-ah, I) I got all the feels for sure Yeah, I got all the feels for ya  Boy, I, boy, I, boy, I know (The feels) I know I get the feels (The feels) (Oh, yeah) Boy, I, boy, I, boy, I know (Ayy) (Yeah, yeah, yeah) I know you feel it too (Yeah, yeah, yeah) Boy, I, boy, I, boy, I know (The feels) (The feels, come on) I know I get the feels (The feels) Boy, I, boy, I, boy, I know (Ayy) I know you feel it too (Yeah)"
Jung Kook,Shot Glass of Tears,2023,hyperpop,"Tell me, am I ever gonna feel again? Tell me, am I ever gonna heal again? Got a shot glass full of tears Drink, drink, drink, say ""Cheers"" I got all these diamonds running down my face And I ain't letting any of 'em go to waste Got a shot glass full of tears  She the life of the party Forty-two in her body She's got some dangerous hobbies Like chasing after the sun And making me fall in love Till I'm sick to my stomach (Sick to my stomach) Until I throw back a dozen Until I'm driving a hundred With my hands off the wheel Just to see how it feels  Tell me, am I ever gonna feel again? Tell me, am I ever gonna heal again? Got a shot glass full of tears Drink, drink, drink, say ""Cheers"" I got all these diamonds running down my face And I ain't letting any of 'em go to waste Got a shot glass full of tears Drink, drink, drink, say ""Cheers""  (Oh-oh, oh-oh) Drink, drink, drink, say ""Cheers"" (Oh-oh, oh-oh)  It's a hard pill to swallow This emotion I bottle Need something strong for the sorrow Something strong for the pain So, I can wash it away I was cold, now, I'm freezing (Cold, now, I'm freezing) Stuck in a permanent season (Permanent season) And we both know you're the reason (Know you're the reason) I'm not the same as before I don't feel anymore  Tell me, am I ever gonna feel again? Tell me, am I ever gonna heal again? Got a shot glass full of tears Drink, drink, drink, say ""Cheers"" I got all these diamonds running down my face And I ain't letting any of 'em go to waste Got a shot glass full of tears Drink, drink, drink, say ""Cheers""  (Oh-oh, oh-oh) Drink, drink, drink, say ""Cheers"" (Oh-oh, oh-oh)  She the life of the party Forty-two in her body She got some dangerous hobbies Like chasing after the sun And making me fall in love"
TWICE,Feel Special,2019,hyperpop," You make me feel special                               Everything's alright  nobody   somebody     You make me feel special     ()           That's what you do Again, I feel special             I feel loved, I feel so special                              Everything's alright  nobody   somebody     You make me feel special               That's what you do Again, I feel special             I feel loved, I feel so special  Uh, you make everything alright            shining light That's what you do      I owe it to you Because you make me feel  You make me feel special     ()           ( ) That's what you do Again, I feel special     ()         () I feel loved, I feel so special  I feel so special I feel loved, I feel so special"
wave to earth,homesick,2023,hyperpop,"In this cold place, where the snow hasn't melted yet Leaves that resemble the cold are growing, oh-oh-oh-oh, yeah My freezing breath, frozen memories, oh-oh Oh, where my house has gone, I lost my bearings  Oh-oh-oh-ah Oh-oh I'm lost in my dreams Oh-I, oh-I, oh-I (Ah-ah) (I'm lost in my dreams)  Erase me from here and set me free All I wanted was to fly high (Ooh, oh, ah-ah) I can't believe my wings are broken And fell against the sky Oh-oh-oh-ah  Will you please take me home? A flightless feather, oh-oh-oh My freezing breath, frozen memories Fearless behavior It doesn't exist in me anymore   Erase me from here and set me free All I wanted was to fly high (Ooh, oh, ah-ah) I can't believe my wings are broken And fell against the sky Oh-oh-oh-ah  Will you please take me home? Oh-oh, oh-oh-oh-oh"
SEVENTEEN,"LOVE, MONEY, FAME (feat. DJ Khaled)",2024,hyperpop," We The Best Music Another one DJ Khaled  I never before in my lifetime        primetime 'Cause you changin' me for better You're the reason for my being     Oh, baby, it's all up to you   GOAT (Yeah, yeah)    paradigm     You know what I need is only you Ah, yeah, yeah, yeah, yeah         Just trust me once, baby I'll never let you down, baby    (Hey)    (Ho) But only want you, baby, baby, baby I only want you, baby, baby, baby    fame         Baby, baby, yeah, baby, baby, yeah  Poppin',  ?     main topic I can solve your problem,   Time together,    ice cream            ? Yeah Fame, money, love,    Only last one,       paradigm     You know what I need is only you Ah, yeah, yeah, yeah, yeah         Just trust me once, baby I'll never let you down, baby    (Hey)    (Ho) But only want you, baby, baby, baby I only want you, baby, baby, baby    fame         Baby, baby, yeah, baby, baby, yeah    , I don't need something   ,    , I don't need something   ,     (Hey)    (Ho) But only want you, baby, baby, baby I only want you, baby, baby, baby    fame         Baby, baby, yeah, baby, baby, yeah  Yeah, SEVENTEEN DJ Khaled Another one"
ATEEZ,BOUNCY (K-HOT CHILLI PEPPERS),2023,hyperpop," What you gonna say? (Yeah) Sit back and relax, man Don't you wanna bet, man? I got time but it's not for you, bro Don't you realize what I'm saying? What you gonna do? (Let's go, let's go) Ayy, let's go  One, two, , three, four               unlock, now it's time for the party     (Hey)  'cause we need some air           (Yeah)  Bring back, microphone,   Sit back and relax, everybody     Come on, everybody  Slow it down, make it bouncy,  fly   spicy,  vibe If you wanna know how, I can show you right now   bouncy,  , fly  Yo, make it bouncy,  fly   spicy,  vibe If you wanna know how, I can show you right now  , bounce, bounce,   fly, fly  Slow it down, make it bouncy  fly (Fix on)             S-O-N-G M-I-N-G-I Gonna know it's over (Ayy)       , it don't matter (Matter)         Yeah, want it, want it and burn it, burn it                (Slow) Gimme,   ( )     (Ooh)      Bring back, microphone,   (Everybody) Sit back and relax, everybody (Everybody)     On, two, three  Slow it down, make it bouncy,  fly   spicy,  vibe If you wanna know how, I can show you right now   bouncy,  , fly  Yo, make it bouncy,  fly   spicy,  vib If you wanna know how, I can show you right now  , bounce, bounce,   fly, fly              , shout it out  Slow it down, make it bouncy,  fly   spicy,  vibe If you wanna know how, I can show you right now  , bounce, bounce,   fly, fly  Oh, oh-oh (Woah, woah, woah, woah) Oh-oh, oh-oh (Woah, woah, fly, fly) If you wanna know how, I can show you right now  , bounce, bounce,   fly, fly"
Jung Kook,My You,2022,hyperpop," Summer has already spread in the air Breeze is already blowing The last cold snap is going out The days were getting longer and longer But my days were still going on, and on, and on I got wet in the sun shower and looked up at the night sky  It was quite a lonely night In the blink of an eye The dark faded out Blooming under the sunlight Memories with me and you  All these lights are colored in by you All these times are precious due to you Four sasons have passed with you Four scents wre left 'cause of you All the reasons why I can laugh out All the reasons why I sing this song Thankful to be by your side now I'll try to shine brighter than now                                                                On a starry night Hope my you sleep tight Shining purple light Thankful to be by your side now On a starry night Hope my you sleep tight Shining purple light   "
Jung Kook,Stay Alive (Prod. SUGA of BTS),2022,hyperpop,"This Read More   Mmm, please stay alive, yeah                   ( )                Hide in the moonlight        Hide in the moonlight                                                       Ooh, yeah ( )          Please, you stay alive (Woah-oh-oh, woah) Please, you stay alive (Woah-oh-oh, woah) Please, you stay alive                                                                          (Ooh)            Ooh, yeah ( )         Please, you stay alive          Please, you stay alive (Woah-oh-oh, woah) Please, you stay alive"
AOA,Miniskirt,2014,hyperpop," Hey, hey, hey A-O-A Hey, hey, hey Brave Sound, drop it     (Hey)     ( )     ( )      ? (Hey)                  (**)   (**)           (Ooh-ooh-ooh, ooh-ooh-ooh)    (Hey)    (Hey)        (Hey)  ?  (Ooh-ooh-ooh-ooh, ooh-ooh-ooh)   (Ooh-ooh-ooh-ooh, ooh-ooh-ooh, ooh)    ? (Ooh-ooh-ooh-ooh, ooh-ooh-ooh)    (Ooh-ooh-ooh-ooh, ooh-ooh-ooh, ooh) *Hey*            ( )        ( )   ? (?)  ? (?)        , boy (Bo-o-o-o-oy)                  (**)   (**)           (Ooh-ooh-ooh, ooh-ooh-ooh)    (Hey)    (Hey)        (Hey)  ?  (Ooh-ooh-ooh-ooh, ooh-ooh-ooh)   (Ooh-ooh-ooh-ooh, ooh-ooh-ooh, ooh)    ? (Ooh-ooh-ooh-ooh, ooh-ooh-ooh)    (Ooh-ooh-ooh-ooh, ooh-ooh-ooh, ooh)        , ah        , yeah ()   , oh, oh, yeah  (Ooh-ooh-ooh-ooh, ooh-ooh-ooh)   (Ooh-ooh-ooh-ooh, ooh-ooh-ooh, ooh)    ? ( ?) (Ooh-ooh-ooh-ooh, ooh-ooh-ooh)    ( ,  ?) (Ooh-ooh-ooh-ooh, ooh-ooh-ooh, ooh)    "
j-hope,MORE,2022,hyperpop,"On MORE j-hope explores how he wants a successful life as a singer, Read More   Yeah, I'm thirsty    surfin'     Soak up the music Eenie, meenie, miney, moe (Meenie, miney, moe)   flow Keep my passion, I gotta go I'm still (Not enough) 11                 make it move Make it mine, make it right   favorite song, ha    ,  ,    carry on (Skrrt!)  Bring it all I'm doing it all  Hah, shout out I say ""more"" Hah, yeah, right 'Cause I want some more Hah, shout out I say ""more"" Hah, yeah, right 'Cause I want some more   kick snare,  hit that     , make my mixtape   get back    KitKat  sweet  (Appreciate)  ,      drive    beat  ,       ,  Dali   stadium with my fans           I already, know it My work makes me breathe, so I want more Inhale, inhale, exhale, exhale, uh       Bring it all I'm doing it all  Hah, shout out I say ""more"" Hah, yeah, right 'Cause I want some more Hah, shout out I say ""more"" Hah, yeah, right 'Cause I want some more  Yeah, I'm thirsty    surfin'     Soak up the music, yeah Eenie, meenie, miney, moe, oh (Right?)   flow (Right?) Keep my passion, I gotta go I'm still (Not enough)"
IU,Love wins all,2024,hyperpop,"Love wins all is a ballad song with a definite momentum, talking about Read More   Dearest, darling, my universe   ?            from Earth to Mars   ?  ,           ?   , run on    , my lover      ? Mm        , lover Love is all, love is all Love, love, love, love  ,   ? ?   , run on    , my lover      ? Mm                     ?    , ruiner   , my lover   , run on    , my lover               , lover Our love wins all, love wins all Love, love, love, love"
Stray Kids,CASE 143,2022,hyperpop,"The song consists of Stray Kids' signature dynamic electronic Read More                      Can I be your boyfriend?      , no cap      , my case       You got me losing patience    emotion   , I never feel alright      (Oh) Rolling in the deep inside my head You got me bad    moving, on my way (Oh)  Why do I keep getting attracted?    (Oh) I cannot explain this reaction  one-four-three (Oh) Why do I keep getting attracted?    (Oh) I cannot explain this emotion One-four-three, I love you  A-B-C-D-E-F-G I wanna send my code to you Eight letters is all it takes And I'm gonna let you know, oh     barricade (Barricade)    , code name (Call me baby)   , soulmate (Woo)     upgrade 'cause  You got me losing patience    emotion   , I never feel alright      (Oh) Rolling in the deep inside my head You got me bad    moving, on my way (Oh)  Why do I keep getting attracted?    (Oh) I cannot explain this reaction  one-four-three (Oh) Why do I keep getting attracted?    (Oh) I cannot explain this emotion One-four-three, I love you  Heartbeat,      ()   ain't no false    repeat (Repeat)  Walking next to you but I'm falling     You're pulling me deeper and deeper I try to get out but I can't stop Can I be the one? Yeah, I'll be the one         *Moving, I'm on my way* (Ee-yeah)  Why do I keep getting attracted?    (Oh) I cannot explain this emotion One-four-three, I love you Why do I keep getting attracted?    (Oh) I cannot explain this reaction ()  I'm gonna let you know (Know) That I'm just gonna go (Go) And hold you so I'm never letting go I'm gonna let you know (Know) That I'm just gonna go (Just go) Yeah,      like I'm  Never letting go, oh I cannot explain this emotion One-four-three, I love you"
SEVENTEEN,MAESTRO,2024,hyperpop,"The song opens with a Read More   SEVENTEEN right here  , tuning ?     Play it SEVENTEEN         Dat-da-ra, dat-da-ra, dat-da-ra-da (Ah, yeah)   Classic or new thing      Beat melody Mix and match       , ah            You and I, you and I Accelerando,           La-la, la-la, la-la-la-la-la La-la, la-la, la-la-la-la-la La-la, la-la, la-la-la-la-la    Good vibe,     Good life,   Good vibe,            Techno                    I'll always be with you  Accelerando,           La-la, la-la, la-la-la-la-la La-la, la-la, la-la-la-la-la La-la, la-la, la-la-la-la-la    Good vibe,     Good life,   Good vibe,          dat-da-da-rat-da Brass ba-ba-ba-ram-ba          crescendo    a tempo Yeah, yeah, yeah        Good vibe,     (La-la, la-la, la-la-la-la-la) Good life,   (La-la, la-la, la-la-la-la-la) Good vibe     (La-la, la-la, la-la-la-la-la)   "
BTS,Black Swan,2020,hyperpop,"Over a delicate instrumental the R&B track recalls the pain of growing distant from ones passions, in this case dancing. Throughout the song Read More  Do your thang Do your thang with me now Do your thang Do your thang with me now What's my thang? What's my thang? Tell me now Tell me now Yeah, yeah, yeah, yeah  Ayy,        Tryna pull up    Oh, that would be my first death I been always afraid of                   But what if that moment's right now, right now?      bump, bump, bump    jump, jump, jump              yeah, yeah, yeah       yeah, yeah, yeah     yeah, yeah, yeah Killin' me now, killin' me now Do you hear me? Yeah     nah, nah, nah    nah, nah     yeah, yeah, yeah Film it now, film it now Do you hear me? Yeah  Do your thang Do your thang with me now Do your thang Do your thang with me now What's my thang? What's my thang? Tell me now Tell me now, yeah, yeah, yeah, yeah  Deeper Yeah, I think I'm goin' deeper                                        Inside I saw myself, myself      bump, bump, bump      jump, jump, jump                yeah, yeah, yeah       yeah, yeah, yeah     yeah, yeah, yeah Killin' me now, killin' me now Do you hear me? Yeah     nah, nah, nah    nah, nah     yeah, yeah, yeah Film it now, film it now Do you hear me? Yeah  Do your thang Do your thang with me now Do your thang Do your thang with me now What's my thang? What's my thang? Tell me now Tell me now Yeah, yeah, yeah, yeah"
BLACKPINK,Shut Down,2022,hyperpop," BLACKPINK in your area, eh-oh BLACKPINK in your area, eh-oh              drip, drip, drip, freeze 'em on sight Shut it down, what, what, what, what?              pedal, we go two-zero-five Shut it down, uh-uh, uh-uh      , don't trip, baby   , just sit, baby Praying for my downfall, many have tried, baby Catch me when you hear my Lamborghini go vroom, vroom, vroom, vroom  When we pull up, you know it's a shutdown     shut down Whip it, whip it, whip it, whip it Whip it, whip it, whip it, whip it It's black and it's pink once the sun down When we pull up, you know it's a shutdown     shut down Whip it, whip it, whip it, whip it Whip it, whip it, whip it, whip it Keep watchin' me shut it down  Nah, you don't wanna be on my bad side That's right, I'm slidin' through Bunch of wannabes that wanna be me Me three, if I was you Been around the world, pearls on ya girl VVSs, we invested, uh Need a lesson, see the necklace, see these dresses We don't buy it, w request it, uh A rock star, a pop star, but rowdier Say by to the paparazzi, get my good side, I'll smile for ya Know it ain't fair to ya, it's scarin' ya like what now? BLACKPINK in your area, the area been shut down It's a shutdown      , don't sleep, baby   , ain't cheap, baby Stay in your own lane 'cause I'm 'bout to swerve Catch me when you hear my Lamborghini go vroom, vroom, vroom, vroom  When we pull up, you know it's a shutdown     shut down Whip it, whip it, whip it, whip it Whip it, whip it, whip it, whip it It's black and it's pink once the sun down When we pull up, you know it's a shutdown     shut down Whip it, whip it, whip it, whip it Whip it, whip it, whip it, whip it Keep watchin' me shut it down  Shut it down (Eh-oh), BLACKPINK in your area Shut it down (Eh-oh), woah, woah, woah, woah Shut it down (Eh-oh), BLACKPINK in your area Keep talkin', we shut you down"
BTS,Airplane pt.2,2018,hyperpop,"While Airplane is J-Hopes solo success Read More                 thing                You're a singing star You're a singing star But I see no star      (We still) Sky high, sky fly, sky dope (We still) Same try, same scar, same work (We still)    (We still)   (I still)        (I still)      RM? ,          go  We goin' from NY to Cali London to Paris      party El Mariachi El Mariachi El Mariachi We goin' from Tokyo, Italy Hong Kong to Brazil      El Mariachi El Mariachi El Mariachi El Mariachi           feel   check it        ,   fade in   maybe                    Love     off                I don't know, I don't know, I don't know, I don't know    I don't know, I don't know, I don't know, I don't know     I don't know, I don't know, I don't know, I don't know   I don't know, I don't know, I don't know, I don't know TV     fed up                    Woo!  We goin' from Mexico City London to Paris      party El Mariachi El Mariachi El Mariachi We goin' from Tokyo, Italy Hong Kong to Brazil      El Mariachi El Mariachi El Mariachi El Mariachi (El Mari, hoo)"
Stray Kids,Back Door,2020,hyperpop," ""Hey, you wanna come in?""        , mm   party (Oh)     (Hol' up), yeah                    (Oh)                        Hey Come inside now Hey     back door     back door     back door     Ayy,    (Right, right)    ready to go (Go, right)      ()    , back door             more caffeine                 fantasy           Hey Come inside now Hey     back door     back door     back door    (Knock, knock)  Lights out Yeah,       Yeah, we gon' do it right now, do it right now, baby         , rum, pum, pum, pum  Make 'em say, ""Wow, wow, wow,"" yeah    , ayy    , hey Three, two, one      back door     back door     back door    (Knock, knock)       we do our thing       , ayy      we do our thing      Hot, hot (Yeah), hot, hot, ah Hot, hot (Oh), hot, hot ""Hey, you wanna come in?"""
BTS,House of Cards (Full Length Edition),2016,hyperpop,"     So bad (Why)  yeah    So hard (Hard)          No way, no way, no way       No way, no way                         stay                                 I'm okay        No way, no way, no way        No way, no way                           slow down     oh Please, baby, calm down        So bad, so bad , yeah    So hard    ah                     "
BIGBANG,Fantastic Baby,2012,hyperpop,"     We gon' party like       ,        , alright          , oh  ,   Wow, fantastic, baby Dance (Ooh) I wanna dance, dance, dance, da-dance Fantastic, baby Dance (Ooh) I wanna dance, dance, dance, da-dance Wow, fantastic, baby    (Hey),    (Hey)   3  race (Wait)   (Huh?), catch me on fire (Huh?)  ,                                      , yeah I can't, baby, don't stop this     ( )  Wow, fantastic, baby Dance (Ooh) I wanna dance, dance, dance, da-dance Fantastic, baby Dance (Ooh) I wanna dance, dance, dance, da-dance Wow, fantastic, baby  Boom-shaka-laka Boom-shaka-laka Boom-shaka-laka Dance, dance, dance, da-dance Boom-shaka-laka Boom-shaka-laka Boom-shaka-laka Da-da-da-da-dance, dance               Mama, just let me be your lover    -- ()    shock (Wow)    ,         , ,  (Hold up),           , yeah I can't, baby, don't stop this     ( )  Wow, fantastic, baby Dance (Ooh) I wanna dance, dance, dance, da-dance Fantastic, baby Dance (Ooh) I wanna dance, dance, dance, da-dance Wow, fantastic, baby  Boom-shaka-laka Boom-shaka-laka Boom-shaka-laka Dance, dance, dance, da-dance Boom-shaka-laka Boom-shaka-laka Boom-shaka-laka Da-da-da-da-dance, dance     (Yeah, yeah, yeah)    (Yeah, yeah, yeah)    (Yeah, yeah, yeah)    (Wow, fantastic, baby)"
IVE,ELEVEN,2021,hyperpop,"             odd      blue      true                     heaven       Oh my, oh my God        one, two, three, four, five, six, seven You make me feel like eleven                  mood                             heaven       Oh my, oh my God        one, two, three, four, five, six, seven You make me feel like eleven (Hey)  (Ah-ah-ah, ah-ah-ah-ah)         (   ) Ah yeah, ah yeah, ah yeah ( ) (Ah-ah-ah, ah-ah-ah-ah)            Don't say now,              (Woah-ooh-woah-ooh-woah)         heaven       Oh my, oh my God        one, two, three, four, five, six, seven You make me feel like eleven  (Ah-ah-ah, ah-ah-ah-ah)         ( ) Ah yah, ah yeah, ah yeah (Ah-ah-ah, ah-ah-ah-ah)          "
LE SSERAFIM,Sour Grapes,2022,hyperpop," Ttu-ru-ru-ru-ru-ttu-ttu Yeah-eh  Oh,                      fairy tale                        love Oh,    Yeah, you'll hurt me   , I don't wanna taste        , I just feel afraid I'll never bite, I'll never bite the pain (Sour)     (Sour)     *  , I just feel afraid Love is sour, love is sour grapes*            heart                grapes                   love Oh,     Yeah, you'll hurt me   , I don't wanna taste        , I just feel afraid I'll never bite, I'll never bite the pain (Sour)     (Sour)     *  , I just feel afraid Love is sour, love is sour grapes*               all day, all night, yeah      grapes           scent I'm feeling scared, I'm feeling scared, yeah (Sour)     (Sour)     *  , I just feel afraid Love is sour, love is sour grapes*"
NewJeans,Right Now,2024,hyperpop,"  Ah Oh-woah Right now  In no mood to find another    Right now, right now Baby, I don't care about the other summer      I wanna hear it right now, right now Baby, I don't  Hey      come my way, my way  'Cause it all depends on the right timing Don't wanna close the door behind me     right now, right now, baby, I'm not  In no mood to find another    Right now, right now Baby, I don't care about the other summer      I wanna hear it right now, right now Baby, I don't care  I don't care I don't care Right now, right now Baby, I don't  Hey   Sweet romance   Hold my hand, my hand  'Cause it all depends on the right timing Don't wanna close the door behind me     right now, right now, baby, I'm not  In no mood to find another    Right now, right now Baby, I don't care about the other summer      I wanna hear it right now, right now Baby, I don't care  I don't car I don't care Right now, right now Baby, I don't"
Jimin,Smeraldo Garden Marching Band (feat. Loco),2024,hyperpop,"Say, ""oh"" This harmony's just for you Oh, say, ""love"" Now introducing It all began on June 12 We gift happiness every day Say, ""oh"" (Let's talk about us)  All the things we couldn't say before And your hidden feelings too I'll tell you everything now (Just for you) Don't you worry anymore Since we're together now Let's be a little more honest (Let's go)  Ooh, I love you babe I'll come closer to you I love you, babe (Yes, sir) Ooh, I want you, babe I wanna hold your hand I want you, babe  Fade away with the old, every day is brand new I'll call out your name, all you have to do is blossom Let's jam together, keep it going, however you feel I couldn't say it face-to-face, but just for you I've Made a band I've been looking for love Just for you, speeding up I can't stop (Can't stop) I've lost all sense of time You hover inside my head all day long If we ever touch I might burst with a pop My love keeps growing (Let's talk about us)  The dazzling sky The fluttering flowers Will be with us too (All for you) So tell me how you feel Let whatever you feel Wash over you (Let's go)  Ooh, I love you babe I'll come closer to you I love you, babe (Yes, sir) Ooh, I want you, babe I wanna hold your hand I want you, babe (Take it to the bridge)  When the curtains rise and the lights turn on Everyone is in their places Turn up the music I think we're ready now Let's begin one, two Put your hands up  Ooh, ooh Ooh, ooh Ooh, ooh Ooh, ooh"
Jimin,Closer Than This,2024,hyperpop,"  ?   ?                         6 13      Even if you're not here   always  Dont have to worry now        (Ah-ah-ah, ah) Just call my name out loud      'Cause anytime you want me (I'll be) Right here where you call me (Ill be) I could never let you go Never let you go Whenever you need me (I'll be) If you believe me (I'll be) I'll never let you go Never let you go                       My love, my babe,     , right,          , oh, ooh-woah-oh  Don't have to worry now        (Ah-ah-ah, ah) Just call my name out loud      'Caus anytime you want me (I'll be) Right hre where you call me (I'll be) I could never let you go Never let you go Whenever you need me (Ill be) If you believe me (Ill be) I'll never let you go Never let you go             Baby, Ill come back to you       (Ooh-ooh)     I could never let you go (Never let you go) Never let you go (Never let you go)           I will never let you go (I will never let you go; Oh-oh) Never let you go (Oh)       (Yeah)     (Yeah) I could never let you go (I could never let you go) Never let you go (Never let you go)      (Yeah)      (Yeah) I will never let you go (I will never let you go) Never let you go (Never let you go)"
TOMORROW X TOGETHER,Sugar Rush Ride,2023,hyperpop," Yeah, ah Ayy, let's go      When you get back        (Ayy)  Come a little closer (Ah-ah-ah, oh)   (Ah-ah-ah, oh)  The sugar rush (Ah-ah-ah, oh)   (Ah-ah-ah, oh) Sweet desire (Ah-ah-ah, oh)    liar  I can feel,      devilish smile           The devil said  Ha Ha Gimme, gimme more Gimme, gimme more Ha Ha       (Get away) Sugar rush-ush, sugar rush-ush Sugar rush-ush, sugar rush-ush, ah Gimme, gimme more Gimme, gimme more Sugar rush-ush, sugar rush-ush Sugar rush-ush, sugar rush-ush, ah *     *  You're so addictive   full of sweets         daze             Come a little closer (Ah-ah-ah, oh)   (Ah-ah-ah, oh)  The sugar rush (Ah-ah-ah, oh)   (Ah-ah-ah, oh) Sweet desire (Ah-ah-ah, oh)    liar  I can feel,      devilish smile           The devil said  Ha Ha Gimme, gimme mor Gimme, gimme more (Gimm, gimme more) Ha (No) Ha (No)       (Get away) Sugar rush-ush, sugar rush-ush Sugar rush-ush, sugar rush-ush, ah (Ayy) *Gimme, gimme more* (More) *Gimme, gimme more* (More) Sugar rush-ush, sugar rush-ush (Ooh) Sugar rush-ush, sugar rush-ush-uh, ah (Oh-oh-oh)       (  )    liar     , sugar (Oh, yeah) Gimme, gimme more Gimme, gimme more (Ooh-ooh-ooh)      desire, sugar ( desire) Gimme, gimme more Gimme, gimme more (Gimme, gimme more)    liar     , sugar"
BTS,HOME,2019,hyperpop," I'm exhausted man Oh, guess what? I just wanna go home      (Yeah, right) Yeah Im going out baby      Crazy for myself (Yeah)        (Right)      (Uh huh)   (      )  Oh yeah I did it, me shine with flashin' lights Got lotta friends,              I saw the ocean yeah     Oh yeah             ,           Mi Casa With you I'mma feel rich (Yeah)   Mi Casa    switch (Switch) Yeah              You know I want that Home You know you got that Home  Your love your love your love, I miss that Your love your love your love, I want that Your touch your touch your touch, I need that La la la la la la la la I love it                                        Big house, big cars, big rings                 But                           Mi Casa With you Imma feel rich (Rich)   Mi Casa    switch (Switch) Yeah              You know I want that Home You know you got that Home                    Mi Casa With you I just feel rich  Hi, Mi Casa   switch Yeah            You know I want that Home You know you got that Home (Yeah)  Your love your love your love, I miss that Your love your love your love, I want that Your touch your touch your touch, I need that La la la la la la la la I love it"
G-DRAGON,CROOKED,2013,hyperpop,"                                        Yeah,      ,       ,                                                                                             ,      ,                     , .             .                                                                        (  )         ,  ,    (  )"
SEVENTEEN,Rock with you,2021,hyperpop,"                       Won't let them break your heart, oh, no       No words are enough for you    So,         I just want to love you      I just want you, I need you        I tell you, this time I wanna rock with you Moonlight,   shine on you Tonight, I wanna ride with you   Baby, hold on, baby, hold on () Baby, hold on, baby, hold on ()   I wanna ride with you               No words are enough for you    So,          I just want to love you      I just want you, I need you        I tell you, this time I wanna rock with you Moonlight,   shine on you Tonight, I wanna ride with you   Baby, hold on, baby, hold on () Baby, hold on, baby, hold on ()   I wanna  Ride with you Fall into your eyes                  Won't let them break your heart, oh, no    Baby, hold on, baby, hold on () Baby, hold on, baby, hold on ()    I wanna rock with you I wanna rock with you I wanna stay with you"
TAEYANG,"눈,코,입 (Eyes, Nose, Lips)",2014,hyperpop," -                                                               ,    , ,                             ( )  -                                                   ( )    (  )   , yeah   , ,                                         ()  ()         (),  (),      ()    ( )      (   )   (oh)    (oh)          "
Red Velvet,Psycho,2019,hyperpop," Ooh, ooh, hey, yeah Hmm, yeah, psycho         Up and down          I dont play the game                  (Oh-oh-oh)         ()    (  )  You got me feeling like a psycho, psycho                     psycho, psycho (Psycho, psycho)      (, )           Hey, now well be okay  Hey, trouble      Im original, visual   , yeah   ( ) Its hot! Let me just hop   ? Ooh, ooh, ooh                ? Ooh, ooh          (Tell me now)    (  , yeah)  You got me feeling like a psycho, psycho                     psycho, psycho ( psycho, psycho)      (, )           Hey, now well be okay  Dont look back         Everything will be okay, woo!  You got me feeling like a psycho, psycho      (  , ooh)            Hey, now well be okay  Hey, now well be okay (We'll be okay) Hey, now well be okay (We'll be okay) Hey, now well be okay (We'll be okay) Hey, now well be okay Its alright (It's alright; ooh) Its alright (Ooh)  Hey, now well be okay (Hey) Hey, now well be okay (Okay, yeah) Hey, now well be okay (Hey) Hey, now well be okay (Okay) Its alright (Oh, woah, oh) Its alright     (Psycho)"
TOMORROW X TOGETHER,LO$ER=LO♡ER,2021,hyperpop," I'm a loser, I'm a loser Ayy Oh, yeah, yeah          (Oh, oh)       It doesn't matter when I'm with you     fighting, bleeding, losing      I fuckin' keep it low Crying, crying, crying   Love you, love you, love you No matter what I do  I say run       good bye, time to say Run      hundred bands I'm a loser  I'm a loser (Oh-oh) I'm a loser (Oh-oh) Lover with a dollar sign Is a loser I'm a lover (Oh-oh) I'm a lover (Oh-oh) Lover with a dollar sign Is a loser    life       (No doubt, no doubt, no doubt)       Making me a winner (So right, so right, so right)   crawling, fighting, bleeding    I fuckin' take it all Crying, crying, crying   Love you, love you, love you No matter what I do  I say run       good bye, time to say Run      hundred bands I'm a loser  I'm a loser (Oh-oh) I'm a loser (Oh-oh) Lover with a dollar sign Is a loser I'm a lover (Oh-oh) I'm a lover (Oh-oh) Lover with a dollar sign Is a losr   from this highway (Way, way, way)     ()   flyin'      ( )                    I don't care      I say run (Run)     ()   good bye, time to say Run      hundrd bands I'm a loser  I'm a loser (Oh-oh) I'm a loser (Oh-oh) Lover with a dollar sign Is a loser I'm a lover (Oh-oh) I'm a lover (Oh-oh) Lover with a dollar sign Is a loser"
BOYNEXTDOOR,"Earth, Wind & Fire",2024,hyperpop," The number you have dialed is not available  Earth, wind and fire Earth, wind and fire          say yes, oh, oh, oh            You're my darling, right?   ?           I feel so mad  Baby, baby, ready or not Baby, baby, make me feel so good You ain't just a girlfriend  , you  Are my earth, wind and fire Earth, wind and fire          say yes, oh, oh, oh  Baby, boo, my sweetie, darling, think I love you more Baby, boo, my sweetie, darling, think I love you more Baby, boo, my sweetie, darling, think I love you Baby, boo, my sweetie, darling, think I love you Don't know what you know, oh, oh, oh  Talk   manners maketh man    etiquette,    , gentleman Yeah, yeah, yeah, yes, I'm cheesy, greasy, freezy, breezy Baby, boo, my sweetie, darling, think I love you mor         I think I love you more than                 I need you more (Oh-oh)  Baby, baby, rady or not Baby, baby, make me feel so lit You ain't just a girlfriend  , you  Are my earth, wind and fire Earth, wind and fire          say yes, oh, oh, oh  Baby,  stop  lady,  So hear me,       , you  You're my earth, wind and fire Earth, wind and fire          say yes, oh, oh, oh  Baby, boo, my sweetie, darling, think I love you more Baby, boo, my sweetie, darling, think I love you more Baby, boo, my sweetie, darling, think I love you Baby, boo, my sweetie, darling, think I love you Don't know what you know, oh, oh, oh"
Jack Harlow,Tyler Herro,2020,hyperpop,"Yeah  The ones that hate me the most look just like me You tell me what that means Make a slick comment and see what that brings I seen it go down, we can reenact things Extreme like BMXing These boys pussy and they PMSing People in the city see the movement occurring And say, ""My God, I wanna be in that scene"" Damn right, you wanna be in this scene She at the video tryna be in this scene Used to fantasize 'bout bein' this seen (Seen) Bluegrass girl, but she got big dreams Can't touch me, I got instincts Locked in the house, but I'm plottin' things I brought a gang to the party with me Five white boys, but they not NSYNC (Yeah, woo)  Fuck what y'all think Fuck everything that you say about me My dawgs like to play Madden and 2K But one thing they don't do is play about me My homeboy Tyler, he play in South Beach He told me this summer he gon' fix my jumper I told Boi-1da that we might got a thumper I been tryna pop, now I'm on like Shumpert (Yeah, yeah, yeah, yeah) Now they on my bumper Green room chock-full of all my comforts Hotel room like heaven on earth Got angels in my bed with some all-white covers Ace Pro, Nemo, Lucci and Quiiso, Shloob, Clay, 2for And I got a few more I call my brothers I got a lot of flows and they all like butter, ooh (Ah) You know what that means I came home nice, but I'm goin' back mean I'm 'bout to globe-trot when they know a vaccine Mothafuckers act lost, but they know exactly what's goin' on Made a mil' and I don't know what to blow it on I tell the critics, ""Shut up,"" like my show is on Gave a T-shirt to her, said, ""Throw it on"" She one of many high school classmates I'm growin' on (Growin' on, growin' on) My peers ain't poppin', they don't know what's goin' wrong Y'all well dressed, but you ain't got soul and you just can't sew it on I'm tryna tell y'all boys, I got a few songs I could sell y'all boys I tried it back then, it was, ""Hell nah, boy"" (Nah) Now I'm in a box like a Kellogg's toy (Like a, like a, ooh)  The ones that hate me the most look just like me (Like me) You tell me what that means Make a slick comment and see what that brings I seen it go down, we can reenact things (Let's do it) Extreme like BMXing These boys pussy and they PMSing (Woo) People in the city see the movement occurring And say, ""My God, I wanna be in that scene"" (That's right) Damn right, you wanna be in this scene She at the video tryna be in this scene (Scene) Used to fantasize 'bout bein' this seen Bluegrass girl, but she got big dreams Can't touch me, I got instincts Locked in the house, but I'm plottin' things I brought a gang to the party with me Five white boys, but they not NSYNC (No, they not NSYNC, no, they not NSYNC)  Word to JT, no, they not NSYNC Word to JT, no, they not NSYNC No, they not NSYNC, no-no No, they not NSYNC, oh-oh, oh-oh, oh-oh, oh-oh"
JISOO,FLOWER,2023,hyperpop," Eh-eh, eh, eh Eh-eh, eh, eh  A-B-C, Do-Re-Mi                             lie, lie, lie                        You and me,        lilac                 bye, bye, bye                          goodbye               Hey-ey, hey Hey, hey-ey-hey Hey, hey-ey-hey   "
ROSÉ,Gone,2021,hyperpop,"I thought that you'd remember, but it seems that you forgot Its hard for me to blame you when you were already lost Oh, yeah I'm tired of always waiting Oh, yeah, yeah I see you changed your number, that's why you dont get my calls I gave you all of me, now you don't wanna be involved Oh, yeah, yeah I really gotta face it Oh, yeah, yeah  I just wanna be the one But to you, we're already done Tell me, why'd you have to hit and run me? Now I'm all alone, cryin' ugly You broke my heart just for fun Took my love and just left me numb Now it's eight in the morning Hate in the morning (All because of you)  Another story that's sad and true I can feel the pain, can you? You had to be the one to let me down To colour me blue Hate to see you with someone new Ill put a curse on her and you Aint no looking back, now you're dead and gone My love is gone too  All my love is go-o-o-o-o-o-o-o-o-o-one All my love is go-o-o-o-o-o-o-o-o-o-one All my love is go-o-o-o-o-o-o-o-o-o-one All my love is gone Now youre dead and gone  All my love is gone and the hate has grown Standing all alone and I'm searching for something But I can't feel nothing I pack my bags and go This don't feel like home Too much darkness for a rainbow, I feel so used How am I supposed to live without you? I refuse, yeah  I just wanna be the one But to you, were already done Tell me, why'd you have to hit and run me? Now I'm all alone, cryin' ugly You broke my heart just for fun Took my love and just left me numb Now it's eight in the morning Hate in the morning (All because of you)  Another story that's sad and true I can feel the pain, can you? You had to be the one to let me down To colour me blue Hate to see you with someone new I'll put a curse on her and you Ain't no looking back, now you're dead and gone My love is gone too  All my love is go-o-o-o-o-o-o-o-o-o-one All my love is go-o-o-o-o-o-o-o-o-o-one All my love is go-o-o-o-o-o-o-o-o-o-one All my love is gone Now you're dead and gone"
BTS,Silver Spoon,2015,hyperpop," Read More   They call me (Call me)  ()    ( )  (Woo) chase 'em (Chase 'em)      So call me  ()    ()  (Woo) chase 'em (Chase 'em)        ( )  (Ay)   ( )  (Shit, woo)  (No, woo, woo)  (Yeah, yeah)      (Woo, bang)    change change (Woo)    maintain    BANG BANG                           ( !)                   ( )    ( )    ( )   ( )   They call me (Call me)  ()    ( )  (Woo) chase 'em (Chase 'em)      So call me  ()    ()  (Woo) chase 'em (Chase 'em)        ()   ()   ""   "" ()       ? (What?) They say ""  !"" Never Never Never    change change (Woo)    maintain    BANG BANG                           ( !)                           (Oh)  oh are you crazy (Oh)   you, you must be kiddin' me (Oh) You must be kiddin' me You, you must be kiddin' me                     ( !)                    ( )    (Eh) ( )  (Eh) ( )   (Eh) ( )   They call me (Call me)  ()    ( )  (Woo) chase 'em (Chase 'em)      So call me  ()    ()  (Woo) chase 'em (Chase 'em)    "
Jimin,Be Mine (English Version),2024,hyperpop,"Movin', comin', lovin', yeah, yeah, yeah Movin', comin', lovin', yeah, yeah, yeah Movin', comin', lovin', yeah, yeah, yeah Movin', comin', lovin', yeah, yeah, yeah  If I was an island You'd be the party I know what you want And baby, I want the same Love 'til the morning We keep on fallin' This kinda connection's as real as DNA  Baby come, baby come Show me what Show me what love is, yeah, yeah Look at us, look at us Gettin' caught up in the moment  Lovers come and go In and out of my heart All I really know is I wanna be where you are Oh no, baby, don't leave me hre in the dark I want you to be min I want you to be mine I want you to be my  Movin', comin', lovin', yeah, yeah, yeah I want you to be mine Movin', comin', lovin', yeah, yeah, yeah I want you to be mine Movin', comin', lovin', yeah, yeah, yeah I want you to be mine I want you to be mine I want you to be my  Don't need to worry Just follow my lead Just talk with emotions No more we need to say  Baby come, baby come Show me what Show me what love is, yeah, yeah Look at us, look at us Gettin' caught up in the moment  Lovers come and go In and out of my heart All I really know is I wanna be where you are Oh no, baby, don't leave me here in the dark I want you to be mine I want you to be mine I want you to be my  Movin', comin', lovin', yeah, yeah, yeah I want you to be mine Movin', comin', lovin', yeah, yeah, yeah I want you to be mine Movin', comin', lovin', yeah, yeah, yeah I want you to be mine I want you to be mine I want you to be my  Don't you rush this feeling, take it slow Dancin' in the moonlight all night long If you're questionin' my love, then don't I want you to be mine I want you to be mine I want you to be my  Movin', comin', lovin', yeah, yeah, yeah I want you to be mine Movin', comin', lovin', yeah, yeah, yeah I want you to be mine Movin', comin', lovin', yeah, yeah, yeah I want you to be mine I want you to be mine I want you to be my  Movin', comin', lovin', yeah, yeah, yeah Movin', comin', lovin', yeah, yeah, yeah Movin', comin', lovin', yeah, yeah, yeah Movin', comin', lovin', yeah, yeah, yeah"
ROSÉ,On The Ground,2021,hyperpop,"My life's been magic, seems fantastic I used to have a hole in the wall with a mattress Funny when you want it, suddenly you have it You find out that your gold's just plastic  Every day, every night I've been thinkin' back on you and I Every day, every night  I worked my whole life Just to get right, just to be like ""Look at me, I'm never comin' down"" I worked my whole life Just to get high, just to realise Everything I need is on the Everything I need is on the ground  On the ground Everything I need is on the ground Nah, but they don't hear me though (Yeah, what goes up, it must come down) Nah, but they don't hear me though (You're runnin' out of time)  My world's been hectic, seems electric But I've been wakin' up with your voice in my head And I'm tryna send a message and let you know That every single minute I'm without you, I regret it  Every day, every night I've been thinkin' back on you and I Every day, every night  I worked my whole life Just to get right, just to be like ""Look at me, I'm never comin' down"" I worked my whole life Just to get high, just to realise Everything I need is on the Everything I need is on the ground  On the ground Everything I need is on the ground Nah, but they don't hear me though (Yeah, what goes up, it must come down) Nah, but they don't hear me though (You're runnin' out of time)  I'm way up in the clouds And they say I've made it now But I figured it out Everything I need is on the ground (Yeah, yeah) Just drove by your house (Just drove by your house) So far from you now (So far from you now) But I figured it out Everything I need is on the Everything I need is on the ground  On the ground Everything I need is on the ground Nah, but they don't hear me though On the ground Nah, but they don't hear me though Everything I need is on the ground"
JENNIE,SOLO,2018,hyperpop,"In this personal song, Jennie shows her delicate, feminine but independent side, which she couldnt have expressed as a member Read More                  Baby,        You got me like (Oh-oh-oh)     love story (Oh-oh-oh)     (Oh-oh-oh)   I'm not sorry (Oh-oh-oh)            I'm goin' solo-lo-lo-lo-lo-lo-lo I'm goin' solo-lo-lo-lo-lo-lo-lo  Used to be your girl Now I'm used to being the GOAT You're sittin' on your feelings I'm sittin' on my throne I ain't got no time for the troubles in your eyes This time I'm only lookin' at me, myself and I (I'm goin' solo) I'ma do it on my own now Now that you're alone, got you lookin' for a clone now (So low) That's how I'm gettin' down Destined for this and the crown  Sing it loud like (Oh-oh-oh)     love story (Oh-oh-oh)     (Oh-oh-oh, ooh)   I'm not sorry (Oh-oh-oh)            I'm goin' solo-lo-lo-lo-lo-lo-lo I'm goin' solo-lo-lo-lo-lo-lo-lo                            Now I'm goin' slow-mo    I'm goin' solo-lo-lo-lo-lo-lo-lo I'm goin' solo-lo-lo-lo-lo-lo-lo"
BLACKPINK,Pink Venom,2022,hyperpop,"The song kicks off with a classic hip-pop Read More   BLACKPINK, BLACKPINK BLACKPINK, BLACKPINK  Kick in the door, waving the coco       I talk that talk, runways I walk, walk   pop, pop    One by one, then two by two            Makes no sense, you couldn't get a dollar outta me             Look what you made us do    fire (Fire)    I bring the pain like  This that pink venom, this that pink venom This that pink venom, get 'em, get 'em, get 'em Straight to ya dome like woah, woah, woah Straight to ya dome like ah, ah, ah Taste that pink venom, taste that pink venom Taste that pink venom, get 'em, get 'em, get 'em Straight to ya dome like woah, woah, woah Straight to ya dom like ah, ah, ah  Black paint and ammo, got bodies like Rambo Rst in peace, please light up a candle, this the life of a vandal Masked up and I'm still in CELINE Designer crimes or it wouldn't be me (Ooh) Diamonds shinin', drive in silence, I don't mind it, I'm riding Flying private side by side with the pilot up in the sky And I'm wildin', stylin' on them and there's no chance 'Cause we got bodies on bodies like this a slow dance             Look what you made us do    fire (Fire)    I bring the pain like  This that pink venom, this that pink venom This that pink venom, get 'em, get 'em, get 'em Straight to ya dome like woah, woah, woah Straight to ya dome like ah, ah, ah Taste that pink venom, taste that pink venom Taste that pink venom, get 'em, get 'em, get 'em Straight to ya dome like woah, woah, woah Straight to ya dome like ah, ah, ah   provoke us   and you know this   shot that potion    ocean Come and give me all the smoke    like I'm so rock and roll Come and give me all the smoke      stop, drop I bring the pain like  Brra-ta-ta-ta, trra-ta-ta-ta Brra-ta-ta-ta, trra-ta-ta-ta Brra-ta-ta-ta, trra-ta-ta-ta Straight to ya, straight to ya, straight to ya dome like Brra-ta-ta-ta, trra-ta-ta-ta (BLACKPINK) Brra-ta-ta-ta, trra-ta-ta-ta (BLACKPINK) Brra-ta-ta-ta, trra-ta-ta-ta (BLACKPINK) I bring the pain like"
TWS,plot twist,2024,hyperpop," Ayy, ayy, ayy, ayy, ayy Ayy, ayy, ayy, ayy, ayy      ,   so good,  D-Day       Hairstyle check   turn around            , hey Ooh,    , yeah (, , )                  Hey, ,       canceled,   playlist Yeah,   ,  , "" ?""      , yeah (, , )                 (Ooh, ooh)   , feels so wonderful           beautiful   ,    *Wait, wait Mm, mm, mm*  Na-na-na, na-na, na-na-na, na-na Na-na, na-na-na-na-na, na-na       "
Jimin,Set Me Free Pt.2,2023,hyperpop," Yeah  I got a good time Yeah, time to get mine ,  Hennessy at night I never stop, I never stop  repeat I never stop, fuck all your opps Finally free  Ah, yeah, ah, yeah     Not yet, not yet   Now, yeah, now, yeah  butterfly Finally free  Look at me now (Me now)                 Now, set me free Set me free Set me free Set me free Set me free (Oh-eh-oh, oh-eh-oh) Set me free (Oh-eh-oh, oh-eh-oh) Set me free (Oh-eh-oh, oh-eh-oh) Set me free (Oh-eh-oh, oh-eh-oh) Set me free  I got feel low Still   But I got no time to break soul Just let me flow Hey fool, just get out of my way Shut up, fuck off I'm on my way  Ah, yeah, ah, yeah   primetime Forget, forget   Now, yeah, now, yeah  butterfly Finally free  Look at me now                Now, set me free (Set me free, set me free) Set me free (Set me, free) Set me free (Set me free, set me free) Set me free (Won't you set me free) Set me free (Yeah) (Oh-eh-oh, oh-eh-oh) Set me free (Oh-eh-oh, oh-eh-oh) Set me free (Oh-eh-oh, oh-eh-oh) Set me free (Free, free) (Oh-eh-oh, oh-eh-oh, oh-eh-oh, oh) Set me free (Won't you set me free)  (Oh-eh-oh, oh-eh-oh, oh-eh-oh, oh) Set me free (Oh-eh-oh, oh-eh-oh, oh-eh-oh, oh) Set me free (Oh-eh-oh, oh-eh-oh, oh-eh-oh, oh) Set me free (Oh-eh-oh, oh-eh-oh, oh-eh-oh, oh) Set me free (Oh)"
EXO,Love Shot,2018,hyperpop,"Lyrically, EXO sings about wishing to rediscover the Read More               Oh-oh-oh, oh-oh (Eh-eh-eh)             Uh,                    It's the love shot Na, na-na-na, na-na-na-na Na, na-na na, na-na-na Na, na-na-na, na-na-na-na Oh-oh-oh-oh-oh It's the love shot Na, na-na-na, na-na-na-na Na, na-na-na, na-na-na Na, na-na-na, na-na-na-na Oh-oh-oh-oh-oh It's the love shot   love and hate         , calm down      , where is love? Yeah-yeah-yeah-yeah         love Too much ego       compassion       It's the love shot Na, na-na-na, na-na-na-na Na, na-na-na, na-na-na (Oh, oh, oh-oh) Na, na-na-na, na-na-na-na Oh-oh-oh-oh-oh (Hey, hey) It's the love shot Na, na-na-na, na-na-na-na (Yeah, yeah, yeah, yeah) Na, na-na-na, na-na-na (Woah-oh-oh) Na, na-na-na, na-na-na-na Oh-oh-oh-oh-oh It's the love shot  People come and people go                           Yeah  It's the love shot Na, na-na-na, na-na-na-na (Eh, eh, eh-eh-eh) Na, na-na na, na-na-na (Eh, it's the love shot) Na, na-na-na, na-na-na-na (Oh, oh, oh, oh) Oh-oh-oh-oh-oh It's the love shot Na, na-na-na, na-na-na-na (Yeah, yeah, yeah, yeah) Na, na-na-na, na-na-na (The love shot) Na, na-na-na, na-na-na-na Oh-oh-oh-oh-oh It's the love shot"
Jung Kook,3D (feat. Jack Harlow) (Clean Ver.),2023,hyperpop,"One, two, 3D  I can't touch you through the phone Or kiss you through the universe In another time zone It's the only time I can't reverse But when there's two dimensions There's only one I'm missin' And if you feel alone You don't have to feel that no more  I just wanna see you like that See you like that, uh-uh  So if you're ready (So if you're ready) And if you'll let me (And if you'll let me) I wanna see it in motion, in 3D (Uh-uh) You won't regret me (You won't regret me) Champagne confetti (Champagn confetti) I wanna see it in motion, in 3D  'Cause you know how I like it, girl (Girl) 3D You know how I lik it, girl (Girl) 3D  Body to body to body to body to body You and me, baby, you know that we got it So don't go gettin' me started 'Cause you know I get hot-hearted Baby, oh, baby, oh, baby, you makin' me crazy Rain, rain, rain, you can't fake it You give me brand-new emotion You got me drinkin' that potion  I just wanna see you like that See you like that, uh-uh  So if you're ready (So if you're ready) And if you'll let me (And if you'll let me) I wanna see it in motion, in 3D (Hey, show me, girl, now) You won't regret me (You won't regret me) Champagne confetti (Champagne confetti, hey) I wanna see it in motion, in 3D (Come on, come on, come on)  'Cause you know how I like it, girl (You know how I like it) 3D (Hey; woo) You know how I like it, girl (You know how I like it) 3D (Woo) 'Cause you know how I like it, girl (Oh, you know how I like it) 3D (Woo) You know how I like it, girl 3D (Woo)  I'm on my Jung Kook, take a chick off one look And when they get took, they don't ever get untook When I seen that body, you would think **** **** The way I told my boys, ""Come look"" I used to take girls up to Stony Brook And steal they hearts like some crook, true story Now when I hold somebody's hand, it's a new story All my ABGs get cute for me I had one girl (One girl), too boring Two girls (Two girls), that was cool for me Three girls, damn dude's horny Four girls, okay now you ******* (Hey, hey, hey) hey, I'm loose I done put these ******** to good use I done put my city on my back And the world know my name, I'm the truth  So if you're ready And if you'll let me I wanna see it in motion, in 3D (Ooh) You won't regret me (Won't regret me) Champagne confetti (Champagne confetti) I wanna see it in motion, in 3D (Show it to me, girl, now; Why?)  'Cause you know how I like it, girl (How do you like it? Right) 3D (Woo) You know how I like it, girl (Alright, alright) 3D (Woo, woo) 'Cause you know how I like it, girl (You know how I like it; Spy Kids) 3D (Alright) You know how I like it, girl 3D (Woo)  I got you ******* **** ******** on camera You my bae, just like Tampa Speaking of bucks, I got those And as for ***** well not those And as for thots well do you really wanna know? I thought so I'll fly you from Korea to Kentucky And you ain't gotta guarantee me nothing, I just wanna see if I get lucky I just wanna meet you in the physical and see if you would touch me"
Stray Kids,Stray Kids,2024,hyperpop," We're gonna go our way To places still unknown We're gonna show the way We made it on our own We do what we wanna do The message through our music It ain't even done, it's true Yeah, our rhythm never stops              Every part of me,           'cause  Stray Kids still gonna rock On the Hellevator, yeah, we head to the top (Stray Kids) Stray Kids, run 'til we're done Do whatever we want, yeah, we don't give a what (Stray Kids) Know that this is who we are There ain't no last step out, oh, we'll never stop Stray Kids still gonna rock On the Hellevator, yeah, we head to the top, go on and on  Woah, woah, oh, oh, woah Woah, woah, oh, oh, woah                  my team       another me                  We still astray, we always stay on the Lonely Street    we don't leave,   I believe The time we spent will be remembered forever, ever  Oh, I won't let me fall down So proud of myself, never doubt Who we are     Stray Kids still gonna rock On the Hellevator, yeah, we head to the top (Stray Kids) Stray Kids, run 'til we're done Do whatever we want, yeah, we don't give a what (Stray Kids) Know that this is who we are There ain't no last step out, oh, we'll never stop Stray Kids still gonna rock On the Hellevator, yeah, we head to the top, go on and on  Woah, woah, oh, oh, woah Woah, woah, oh, oh, woah  Stray Kids still gonna rock On the Hellevator, yeah, we head to the top (Stray Kids) Stray Kids, run 'til we're done Do whatever we want, yeah, we don't give a what (Stray Kids) Know that this is who we are There ain't no last step out, oh, we'll never stop Stray Kids still gonna rock On the Hellevator, yeah, we head to the top, go on and on"
Wonder Girls,Tell Me,2007,hyperpop,"       ?         ,         (Ooh-ooh)     (Ooh, baby)     (Ooh-ooh) ,      Tell me, tell me, te-te-te-te-te-tell me  ,   Tell me, tell me, te-te-te-te-te-tell me   ,  Tell me, tell me, te-te-te-te-te-tell me   ,    Tell me, tell me, te-te-te-te-te-tell me   ,       ?                    (Ooh-ooh)     (Ooh, baby)     (Ooh-ooh) ,      Tell me, tell me, te-te-te-te-te-tell me  ,   Tell me, tell me, te-te-te-te-te-tell me   ,  Tell me, tell me, te-te-te-te-te-tell me   ,    Tell me, tell me, te-te-te-te-te-tell me   ,   Slave to the rhythm T-t-t-t-take this Slave to the rhythm I know you wouldn't (T-t-t-t-take this) Slave to the rhythm T-t-t-t-take this Slave to the rhythm I know you wouldn't (T-t-t-t-take this)  Tell me, tell me, tell me you Want me, want me, want me too Tell me, tell me, tell me you Love me too, love me too      (Ooh-ooh)     (Ooh, baby)     (Ooh-ooh) ,      Tell me, tell me, te-te-te-te-te-tell me  ,   Tell me, tell me, te-te-te-te-te-tell me   ,  Tell me, tell me, te-te-te-te-te-tell me   ,    Tell me, tell me, te-te-te-te-te-tell me   ,   Tell me, tell me, te-te-te-te-te-tell me Te-te-te-te-te-tell me, tell me"
Stray Kids,TOPLINE (Feat. Tiger JK),2023,hyperpop,"We draw a line, topline Who dares to look down on us, top class Karma that piles up higher  I was different from the start, the one and only Reasonably logical, I'm backed by actions and karma Two birds with one stone, higher and far I don't need to say, don't cross the line, you can't cross the top, bow your head and move along If you are watching our backs and trailing behind, you'll go astray The tense times of the past You don't have to take care of a lot, take care of yourself My lyrics pioneer a new line, new area  Drawing, I'm molding, I'm rolling my waves Yeah, I'm counting wins on the grand line Raise the standard, everyone who is driven is brave But they can't pass me, I'm the red line Just sing along, I'm dancing on the thin line Bigger, more, everything along the topline All night long gon' play, I can do this all day 'Cause we don't give a ****  We draw a line, topline Who dares to look down on us, top class The karma that piles up higher (Karma) Bom, digi-digi-bom, bom, bom, bom Ride the beat on top of the topline, our show Ha, hotline, hot, we about to blow Topline (Topline) Bom, digi-digi-bom, bom, bom, bom  No gravity, the land that your feet cannot reach In the tympanic cavity, we go The light that blinds the eyes, the tail is down Even in time, this eternal moment never detours I can feel it even when I close my eyes As if bewitched, I nod to the topline that I'll sing We skedaddle, intoxicated razzle-dazzle The bursting words are classic, whatever I say Twisting the twisted Mobius strip, the beat time travels Look at me now, how 'bout now? You can't deny But we're still running on this way 'cause we're never satisfied Everyone I already know nods but the reason why Because I still haven't reached my standards, I still keep my speed on top Ain't nobody can do it like us, hurry It's far from following me but we're not cocky Attention, still overflowing, passion Saying Im so proud from behind The answer is stupid (Question)  Drawing, I'm molding, I'm rolling my waves Yeah, I'm counting wins on the grand line Raise the standard, everyone who is driven is brave But they can't pass me, I'm the red line Just sing along, I'm dancing on the thin line Bigger, more, everything along the topline Gon' play all night long, I can do this all day 'Cause we don't give a ****  We draw a line, topline Who dares to look down on us, top class The karma that piles up higher (Karma) Bom, digi-digi-bom, bom, bom, bom Ride the beat above the topline, our show Ha, hotline, hot, we about to blow Topline (Topline) Bom, digi-digi-bom, bom, bom, bom  I can see the heavens under my feet, we're the topline Your neck must hurt from only looking up I can see the heavens beneath my feet, we're the topline Your neck must hurt from only looking up"
Stray Kids,MOUNTAINS,2024,hyperpop," Woah Woah Woah Woah  Head above the clouds, stand tall for the hell of it (Woah) Tower over crowds, don't pause 'cause I'm lovin' it (Woah) Heavy and I'm proud, backbone never suffering (Woah)       mountains    pounding      shouting             ()       ( )   fantasy Fantasy, fantastic,        pride now I rule this place, nobody can handle me, hands off  average  stomp, stomp   , I'ma go up  Mountains, mountains, I woke up on the mountains Ain't nobody stopping me, I'm walking like a Titan Mountains, mountains, I step up on the mountains Ayo (Ayo) I dominate the ground, the echoing surrounds Just feel the air vibrating, oh, so loud (So loud) Mountains, mountains, I step up on the mountains Ayo (Ayo)          bucket list, no matter   ,       I follow,        , I'm keeping it real (Oh) Call me a changer, I'll replace this game zon    , call us Pantheon               biscuit,    twist it   fill it up,      break it,        , I tear it up   (Swish)      prid now I rule this place, nobody can handle me, hands off  average  stomp, stomp   , I'ma go up  Mountains, mountains, I woke up on the mountains Ain't nobody stopping me, I'm walking like a Titan Mountains, mountains, I step up on the mountains Ayo (Ayo) I dominate the ground, the echoing surrounds Just feel the air vibrating, oh, so loud (So loud) Mountains, mountains, I step up on the mountains Ayo (Ayo)  Head above the clouds, stand tall for the hell of it (Woah) Tower over crowds, don't pause 'cause I'm lovin' it (Woah) Heavy and I'm proud, backbone never suffering (Woah) Ayo (Ayo) Head above the clouds, stand tall for the hell of it (Woah) Tower over crowds, don't pause 'cause I'm lovin' it (Woah) Heavy and I'm proud, backbone never suffering (Woah) Ayo (Ayo)  If you're feelin' high, all hands go up (Woah) This is cloud nine, we're at the top (Woah) If you're feelin' high, all hands go up (Woah) Ayo (Ayo) If you're feelin' high, all hands go up (Woah) This is cloud nine, we're at the top (Woah) If you're feelin' high, all hands go up (Woah)"
BTS,Run,2015,hyperpop,"The title was Read More                                    (, )       (, )                               run, run, run,      run, run, run,               run, run, run,    run, run, run,                Run (Don't tell me, bye, bye) Run (You make me cry, cry) Run (Love is a lie, lie) Don't tell me, don't tell me Don't tell me bye bye              , oh                                 run, run, run,      run, run, run,               run, run, run,    run, run, run,                                       , ah           run, run, run,      run, run, run,               run, run, run,    run, run, run,                Run (Don't tell me, bye, bye) Run (You make me cry, cry) Run (Love is a lie, lie) Don't tell me, don't tell me Don't tell me bye bye"
K/DA,POP/STARS,2018,hyperpop,"It features vocals from four of the games most recognizable women: Ahri (MiYeon), Akali Read More   You know who it is, coming 'round again You want a dose of this right now Its K/DA, uh!  I'm a goddess with a blade      loud, loud, loud, loud I could take it to the top      bad gal, gal, gal And when I start to talk like that (Like that) Oh, you won't know how to react Im a picture-perfect face with that wild in my veins You can hear it in my growl, growl, growl, growl  So keep your eyes on me now        level      We got it all in our hands now So can you handle what we're all about? We're so tough, not scared to show you up Can you feel the rush now?  Ain't nobody bringing us Down, down, down, down, down, down They could try it, but we're gonna wear the crown You could go another round Round, round, round, round, round, round Wish you luck, but you're not bringing us down We go hard (Hard) 'til we get it, get it We go hard (Hard), we so in it, in it We pop stars (Pop stars), only winning, winning now Ain't nobody bringing us down, down, down, down  Hey! You ready for this? (Lets go) See    magic         uh! (Uh) Pow pow    ()   ,  ()     Im trouble and you're wanting it Im so cold (So cold) When I move that way, you gon' be so blown (So blown) I'm the realest in the game, uh! Said I'm on fire with a blade Youre about to hear my name Ringing in your head like, woah  So keep your eyes on me now     We're so tough, not scared to show you up Can you feel the rush now?  Ain't nobody bringing us Down, down, down, down, down, down They could try it, but we're gonna wear the crown You could go another round Round, round, round, round, round, round Wish you luck, but you're not bringing us down We go hard (Hard) 'til we get it, get it We go hard (Hard), we so in it, in it We pop stars (Pop stars), only winning, winning now Ain't nobody bringing us down, down, down, down  Oh, mmm Oh,    Oh, oh, we go hard Oh, oh, we pop stars (Stars), stars (Stars)  Ain't nobody bringing us Ain't nobody bringing us Down, down, down, down, down, down They could try it, but we're gonna wear the crown You could go another round Round, round, round, round, round, round (Woo-hoo) Wish you luck, but you're not bringing us down (Oh) We go hard (Hard) 'til we get it, get it (We go hard) We go hard (Hard), we so in it, in it We pop stars (Pop stars), only winning, winning now Ain't nobody bringing us down, down, down, down"
SHAUN,Way Back Home (feat. Conor Maynard) - Sam Feldt Edit,2018,hyperpop,"Remember when I told you ""No matter where I go I'll never leave your side You will never be alone"" Even when we go through changes Even when we're old Remember that I told you I'll find my way back home  I could never let you go Couldn't run away if I tried 'Cause even when I'm all alone You still got a hold on my mind And I'll always let you know That I'm always gonna hold on  And I told you right from the start You just say the word and I'll go No, it doesn't matter how far 'Cause your love is all that I know Baby you just stay where you are And you know I won't be too long Hold on Hold on  Remember when I told you ""No matter where I go I'll never leave your side You will never be alone"" Even when we go through changes Even when we're old Remember that I told you I'll find my way back home                                               way back home          No, I won't ever lose As long as you're there                      Even when we go through changes Even when we're old Remember that I told you I'll find my way back home"
BLACKPINK,How You Like That,2020,hyperpop,"The song is a hip-hop influenced, classic Read More   BLACKPINK in your area                     light up the sky     I'll kiss you bye          Ha, how you like that? (Woo) You gon' like that, that-that-that, that, that-that-that, that How you like that? (Bada bing, bada boom, boom, boom) How you like that, that-that-that, that, that-that-that, that?  Now, look at you, now look at me (Uh) Look at you, now look at me (Uh) Look at you, now look at me How you like that? Now, look at you, now look at me (Uh) Look at you, now look at me (Uh) Look at you, now look at me How you like that?  Your girl need it all and that's a hundred        Karma come and get some     What's up? I'm right back  cock back Plain Jane get hijacked, don't like me? Then tell me how you like that, like that     shine like the stars    I'll kiss you goodbye          Ha, how you like that? (Woo) You gon' like that, that-that-that, that, that-that-that, that How you like that? (Bada bing, bada boom, boom, boom) How you like that, that-that-that, that, that-that-that, that?  Now, look at you, now look at me (Uh) Look at you, now look at me (Uh) Look at you, now look at me How you like that? Now, look at you now, look at me (Uh) Look at you, now look at me (Uh) Look at you, now look at me How you like that?                  Look up in the sky It's a bird, it's a plane  Yeah-eah-eah-eah Bring out your boss bitch Yeah-eah-eah-eah BLACKPINK!  Ddu, ddu, ddu, ddu-ddu-ddu Ddu, ddu, ddu, ddu-ddu-ddu How you like that? Ddu, ddu, ddu, ddu-ddu-ddu Ddu, ddu, ddu, du-du-du-ddu You gon' like that Ddu, ddu, ddu, ddu-ddu-ddu Ddu, ddu, ddu, ddu-ddu-ddu How you like that? Ddu, ddu, ddu, ddu-ddu-ddu Ddu, ddu, ddu, du-du-du-ddu"
BTS,Butterfly,2015,hyperpop,"The non-single was promoted on Korean music shows alongside Run after they released The Most Beautiful Read More                            Is it true? Is it true? You, you    Untrue, untrue You, you, you                           Butterfly, like a butterfly  Butterfly, bu-butterfly  Butterfly, like a butterfly  Butterfly, bu-butterfly     Butterfly                                      Stop     butterfly, high  Untrue, untrue You, you, you                                                     (    )     It's all free for you baby                           Butterfly, like a butterfly  Butterfly, bu-butterfly  Butterfly, like a butterfly  Butterfly, bu-butterfly "
wave to earth,sunny days,2023,hyperpop,"Yeah, I've been waiting for this day, mm-yeah The way I'm walking hand in hand with you, yeah Just like all the sunlight is watch' over me, baby Yes, oh-oh, it's full of your smile, yeah I'll give it to you when I collect even the love in the air, yeah  The beautiful scenery of the streets The chirping of birds is nothing without you I'm nothing without you, mm-mm Yeah, I'm nothing without you, oh-oh  We melt this love and recreate it As we imagine it That's how we make sunny days, yeah 'Cause you're always mysterious to m  (Ah) You are my golden age Evrything shines so bright That my eyes go blind Our youth never ages here  We melt this love and recreate it As we imagine it That's how we make sunny days, yeah 'Cause you're always mysterious to me We melt this love and recreate it As we imagine it That's how we make sunny days, yeah 'Cause you're always mysterious to me"
